unidad_id,sujeto,tipo_sujeto
a80456cf-be82-4372-ac62-8cca179f5b16,Reglamento,PROPN
cd169451-70a4-46f0-aeba-5064d3f5a93d,6.3,NUM
b96e58e6-dc7d-47b4-9203-76eb82e76ff3,numeral,NOUN
8d06f777-9a27-47b5-914d-b2b75dc8d6f7,numeral,NOUN
b2c6a4f0-a131-449d-b3be-3bb7b7fa30a0,numerales,NOUN
598956a1-17ed-438b-9fb5-c1009df97be0,Reglamento,PROPN
9aaa41a0-52ed-4214-b830-e1ea39b43628,especificaciones,NOUN
0fdd7854-9a88-4859-a9e1-fb0046c0e605,numerales,NOUN
741aa80c-520d-4f36-a9d6-35ba98fec93c,criterios,NOUN
e0ffd610-86b5-4582-a79c-6dfedd279bab,blecidos,ADJ
24f0835c-ac90-4cb9-9af9-12b226f583c1,plazos,NOUN
733d7e08-7c9d-4c5f-bc18-6057858224d5,definiciones,NOUN
e3b87937-4975-4a38-9ce6-970a424701e2,COMISIÓN,NOUN
e3b87937-4975-4a38-9ce6-970a424701e2,Ver,PROPN
e3b87937-4975-4a38-9ce6-970a424701e2,que,PRON
e3b87937-4975-4a38-9ce6-970a424701e2,CREG,PROPN
e3b87937-4975-4a38-9ce6-970a424701e2,construcción,NOUN
e3b87937-4975-4a38-9ce6-970a424701e2,que,PRON
e3b87937-4975-4a38-9ce6-970a424701e2,que,PRON
e3b87937-4975-4a38-9ce6-970a424701e2,Empresas,PROPN
e3b87937-4975-4a38-9ce6-970a424701e2,comisión,NOUN
e3b87937-4975-4a38-9ce6-970a424701e2,seńalamiento,NOUN
e3b87937-4975-4a38-9ce6-970a424701e2,que,SCONJ
e3b87937-4975-4a38-9ce6-970a424701e2,Empresas,PROPN
e3b87937-4975-4a38-9ce6-970a424701e2,que,PRON
e3b87937-4975-4a38-9ce6-970a424701e2,competencia,NOUN
e3b87937-4975-4a38-9ce6-970a424701e2,quienes,PRON
e3b87937-4975-4a38-9ce6-970a424701e2,operaciones,NOUN
e3b87937-4975-4a38-9ce6-970a424701e2,Empresa,PROPN
e3b87937-4975-4a38-9ce6-970a424701e2,Centro,PROPN
e3b87937-4975-4a38-9ce6-970a424701e2,normas,NOUN
e3b87937-4975-4a38-9ce6-970a424701e2,Consejo,PROPN
e3b87937-4975-4a38-9ce6-970a424701e2,Reglamento,PROPN
e3b87937-4975-4a38-9ce6-970a424701e2,prestación,NOUN
e3b87937-4975-4a38-9ce6-970a424701e2,condiciones,NOUN
aea2c321-d899-48d8-9170-7a247d80a9b3,acuerdo,NOUN
aea2c321-d899-48d8-9170-7a247d80a9b3,interés,NOUN
aea2c321-d899-48d8-9170-7a247d80a9b3,dinámica,NOUN
aea2c321-d899-48d8-9170-7a247d80a9b3,regulación,NOUN
aea2c321-d899-48d8-9170-7a247d80a9b3,CREG,PROPN
d0fbd96e-1419-430d-a17f-d329af11c1ec,CREG,PROPN
06f87a11-f066-490b-9348-b8d0855167af,resolución,NOUN
06f87a11-f066-490b-9348-b8d0855167af,que,PRON
4bf59ca2-980a-42af-8cee-41980bc163a4,RIVEIRA,PROPN
4bf59ca2-980a-42af-8cee-41980bc163a4,HERRERA,PROPN
aa284ddf-6e2f-4155-90c8-36b0ff8b5633,Conexiones,PROPN
61ab4d08-58e9-48ff-b852-599b45f79666,MEDICION,PROPN
61ab4d08-58e9-48ff-b852-599b45f79666,Sistema,PROPN
61ab4d08-58e9-48ff-b852-599b45f79666,MEDICION,NOUN
61ab4d08-58e9-48ff-b852-599b45f79666,5.5.1,DET
61ab4d08-58e9-48ff-b852-599b45f79666,5.6.1,NUM
22451e24-07df-405c-9b53-eb6dceabaca4,ESTÁNDARES,PROPN
22451e24-07df-405c-9b53-eb6dceabaca4,Cumplimiento,PROPN
02feb68c-b8be-4620-9a13-36a706291a33,principios,NOUN
02feb68c-b8be-4620-9a13-36a706291a33,definiciones,NOUN
02feb68c-b8be-4620-9a13-36a706291a33,que,PRON
02feb68c-b8be-4620-9a13-36a706291a33,Reglamento,PROPN
361558ca-4a53-42c1-a5a8-5d8ad1ccc768,relaciones,NOUN
d21bfc6b-7d52-462c-90fc-589985ffc1aa,Productorescomercializador,PROPN
5f91a6bd-2b4c-44eb-8280-3db0235a0573,que,PRON
5f91a6bd-2b4c-44eb-8280-3db0235a0573,cargos,NOUN
5f91a6bd-2b4c-44eb-8280-3db0235a0573,que,PRON
5f91a6bd-2b4c-44eb-8280-3db0235a0573,RUT,PROPN
f607e7e0-badf-4f11-9e22-e1cb37928c43,que,PRON
75f1fe4b-4b92-424e-98e8-fe9a983eeace,CANTIDAD,NOUN
75f1fe4b-4b92-424e-98e8-fe9a983eeace,Centro,PROPN
f329a0a7-6bae-4c8f-9177-45cb7914d7aa,Remitente,PROPN
43965dc6-96d9-40a6-bcb5-3bed1d150c74,Remitente,PROPN
65e01141-bb9d-404b-a901-08ae9cc9c0ea,Remitente,PROPN
65e01141-bb9d-404b-a901-08ae9cc9c0ea,que,PRON
05b8c2d6-84e3-4f74-95ad-bb1079496094,Remitente,PROPN
cbb74e92-845b-4b51-8d05-5c24628e582b,que,PRON
cbb74e92-845b-4b51-8d05-5c24628e582b,Remitente,PROPN
222cad14-e1f1-4aee-87b9-e9598dd2af12,Transportador,PROPN
222cad14-e1f1-4aee-87b9-e9598dd2af12,que,SCONJ
ea37d5e5-df11-4f64-bfda-7b30d72748f2,que,PRON
ea37d5e5-df11-4f64-bfda-7b30d72748f2,Remitente,PROPN
ea37d5e5-df11-4f64-bfda-7b30d72748f2,que,PRON
4cded67b-7a49-4b0c-97f1-75096a17f680,FIRME,PROPN
4cded67b-7a49-4b0c-97f1-75096a17f680,que,PRON
75576b4e-8932-4f14-a66a-6b6d3a40a4e4,que,PRON
deb2d0a5-8b4b-4524-84d0-9099dae0fea5,Remitente,PROPN
d1264655-4716-407c-8e77-8559c1df3f96,que,PRON
f3d12591-528a-4727-87f6-2c457b2110dd,Agente,PROPN
82cdea95-f9d9-48e3-9cfe-d17832292890,que,PRON
82cdea95-f9d9-48e3-9cfe-d17832292890,que,PRON
82cdea95-f9d9-48e3-9cfe-d17832292890,que,PRON
70fc0a15-d768-44a9-9f2f-1e10e6130fec,que,PRON
70fc0a15-d768-44a9-9f2f-1e10e6130fec,que,PRON
a3cf954c-fc9f-4605-9159-d7f4a0691e8f,COMERCIALIZACIÓN,NOUN
8322671c-c824-4647-9b7f-8083bf97db7a,Persona,PROPN
8322671c-c824-4647-9b7f-8083bf97db7a,actividad,NOUN
9b838d9c-1f32-4e19-ba3b-7b03c20f26bd,volúmenes,NOUN
993af2be-cc9b-45b6-a54e-da641250439f,que,PRON
33b74da5-2dc8-447f-9099-f861d29b2705,CONFIRMACIÓN,NOUN
33b74da5-2dc8-447f-9099-f861d29b2705,que,PRON
2efd4177-3de5-41a6-b79b-1004d7e320fd,que,PRON
2efd4177-3de5-41a6-b79b-1004d7e320fd,Reglamento,PROPN
2efd4177-3de5-41a6-b79b-1004d7e320fd,objetivo,NOUN
b7522c05-e97a-4455-a245-b852d03e89cd,relaciones,NOUN
598ef1be-5b79-4320-9b3f-e5628fb52424,que,PRON
598ef1be-5b79-4320-9b3f-e5628fb52424,CREG,PROPN
d2356323-1ce1-4d4a-9335-9b1b4e3068ed,DERECHOS,NOUN
d2356323-1ce1-4d4a-9335-9b1b4e3068ed,que,PRON
18092582-758a-484f-b716-0a7614d5aefe,DESBALANCE,PROPN
5de99562-7b4f-4e0d-8ff8-feae6f96f878,Esto,PRON
5de99562-7b4f-4e0d-8ff8-feae6f96f878,Remitente,PROPN
5de99562-7b4f-4e0d-8ff8-feae6f96f878,gas,NOUN
ea348c6d-09e4-464e-81e1-a782f5dd28a1,que,PRON
ea348c6d-09e4-464e-81e1-a782f5dd28a1,suministro,NOUN
859ffa17-af56-4668-acbb-4850347b7c5d,DISTRIBUIDOR,NOUN
859ffa17-af56-4668-acbb-4850347b7c5d,que,PRON
971a39f4-a6e1-4bd8-a7ba-e25552dacf7c,gasoducto,NOUN
3f9b7dc8-498c-43a8-a2c9-a1e5692cd301,Gas,PROPN
3f9b7dc8-498c-43a8-a2c9-a1e5692cd301,que,PRON
086b54dd-a014-440f-bc5f-750d154ec82e,Gas,PROPN
086b54dd-a014-440f-bc5f-750d154ec82e,que,PRON
1295334c-69ef-48c3-b1b9-40eea4121461,que,PRON
1de5ce23-6ea7-493d-a271-a1ea8f0e9c97,filtros,NOUN
1de5ce23-6ea7-493d-a271-a1ea8f0e9c97,que,PRON
67d950d1-a66e-437d-994b-d9ab527a0476,Remitentes,PROPN
67d950d1-a66e-437d-994b-d9ab527a0476,Capacidad,PROPN
67d950d1-a66e-437d-994b-d9ab527a0476,Remitente,PROPN
2e0a9193-c5f6-42d2-9ffa-8be540a737ec,que,PRON
48062016-a440-44ad-8fb1-a7f6df1dc0a3,Remitentes,PROPN
05425ca3-5b0e-40a6-9c29-7431da133ac7,NOMINACIÓN,NOUN
05425ca3-5b0e-40a6-9c29-7431da133ac7,que,PRON
05425ca3-5b0e-40a6-9c29-7431da133ac7,Cantidad,PROPN
40b44807-0b28-47b6-8f08-446759db6a39,solicitud,NOUN
8965c54c-344c-42c6-aeee-e4d46fa939e7,NOMINACION,NOUN
8965c54c-344c-42c6-aeee-e4d46fa939e7,que,PRON
a578a459-ccb7-47e0-93fb-9feff8316c2c,PRESTADOR,PROPN
a578a459-ccb7-47e0-93fb-9feff8316c2c,que,PRON
a578a459-ccb7-47e0-93fb-9feff8316c2c,que,PRON
a578a459-ccb7-47e0-93fb-9feff8316c2c,acceso,NOUN
9706c48b-42e1-4f7c-9467-10cfe2ddc1b2,PRODUCTOR,NOUN
9706c48b-42e1-4f7c-9467-10cfe2ddc1b2,quien,PRON
e15fd635-8212-4666-af46-86caf1da60a7,Productor,PROPN
7a1f03ec-de1a-43c6-8ac1-ea27978b5c2e,PROGRAMA,PROPN
fd7af4d0-36a0-492f-a1b1-169e6b6534c9,redes,NOUN
fd7af4d0-36a0-492f-a1b1-169e6b6534c9,que,PRON
fd7af4d0-36a0-492f-a1b1-169e6b6534c9,Distribuidor,PROPN
9dc2f863-8c7d-463a-8527-ddfe1cc329aa,Remitente,PROPN
9dc2f863-8c7d-463a-8527-ddfe1cc329aa,Gas,PROPN
9dc2f863-8c7d-463a-8527-ddfe1cc329aa,Transportador,PROPN
1d5026b5-8723-4072-899c-dc83ce0f6ce8,Punto,PROPN
30a69dc0-deb5-40c2-ae12-77662b82d3f9,Remitente,PROPN
5e8fdac1-3490-44ab-ba82-1fea5905803e,Punto,PROPN
183859cb-23f1-405e-82f0-a7eb7fe498d4,Variaciones,PROPN
183859cb-23f1-405e-82f0-a7eb7fe498d4,Reglamento,PROPN
e50166c7-074c-4737-bace-1853ba927611,que,PRON
e50166c7-074c-4737-bace-1853ba927611,que,PRON
e50166c7-074c-4737-bace-1853ba927611,Servicio,PROPN
1077d082-49b1-45be-abaf-132fe7ba255a,Transportador,PROPN
15a74c5b-d4ef-40c1-be57-94e39f4476c7,que,PRON
1ccfeca8-9c94-45ce-840c-4c8543afb5e9,Remitente,PROPN
6e70e706-24b1-4d68-891c-61c75b13ddde,SISTEMA,PROPN
416ae6df-717e-41a8-9f2f-bacd184a513b,que,PRON
34c0a7b2-23eb-47ef-a9ac-3cab911a183c,SISTEMA,PROPN
34c0a7b2-23eb-47ef-a9ac-3cab911a183c,que,PRON
4204275e-6d09-4e45-bcdc-cedce9b42372,compradores,NOUN
4204275e-6d09-4e45-bcdc-cedce9b42372,yo,PRON
24eee665-1f29-483d-a4b3-720c003b4a6b,Artículos,NOUN
8b5faece-d396-4b8a-b355-e8901d932762,personas,NOUN
8b5faece-d396-4b8a-b355-e8901d932762,que,PRON
f7790b15-dc9e-4732-8f30-0cdd6a4afd00,Alcance,PROPN
f7790b15-dc9e-4732-8f30-0cdd6a4afd00,Reglamento,PROPN
f7790b15-dc9e-4732-8f30-0cdd6a4afd00,que,PRON
f7790b15-dc9e-4732-8f30-0cdd6a4afd00,que,PRON
01844f00-9982-464f-9468-237faa181004,propietarios,NOUN
01844f00-9982-464f-9468-237faa181004,Transportadores,PROPN
9a00542d-55b9-446e-a04e-a8e9a21ea87b,propietarios,NOUN
9a00542d-55b9-446e-a04e-a8e9a21ea87b,que,PRON
fcd67456-5c7c-4adc-ad29-429855ed7457,Consejo,PROPN
cc6bb754-7773-42ff-a2c1-e4c842db1cee,Comisión,PROPN
545a4024-1f4f-447c-b3a0-f7051c319119,iniciativa,NOUN
545a4024-1f4f-447c-b3a0-f7051c319119,que,PRON
545a4024-1f4f-447c-b3a0-f7051c319119,que,PRON
85dfe002-76bb-4a34-a370-bd4e7b787eea,Contratos,PROPN
85dfe002-76bb-4a34-a370-bd4e7b787eea,que,PRON
85dfe002-76bb-4a34-a370-bd4e7b787eea,que,PRON
85dfe002-76bb-4a34-a370-bd4e7b787eea,que,PRON
85dfe002-76bb-4a34-a370-bd4e7b787eea,Comisión,PROPN
067c9e5b-552a-4980-94e5-a5dd351a25e2,1.4,NUM
d1acd775-5314-4187-b497-78538dfa63d4,que,PRON
f1bb9968-860d-4a62-9008-74c52102fcfc,que,PRON
907ff401-47c6-4ef7-b3ed-8b9220887949,que,PRON
1d54ed97-3fe3-46a9-aefd-60a129dfbe7f,Consejo,PROPN
2f2446ca-3067-4020-995a-41f4705ea09e,AMBITO,NOUN
2f2446ca-3067-4020-995a-41f4705ea09e,que,PRON
920a3ad0-2c50-4946-aa27-2ef76b720c93,acuerdos,NOUN
735b321f-c6ac-4e27-9468-619ecb18578e,ACCESO,NOUN
c4680557-9283-4285-994c-175d07eb94b8,Transportadores,PROPN
c4680557-9283-4285-994c-175d07eb94b8,que,PRON
c4680557-9283-4285-994c-175d07eb94b8,que,PRON
aeb1b024-8102-4338-af4b-c614bbbbed32,acceso,NOUN
aeb1b024-8102-4338-af4b-c614bbbbed32,Comisión,PROPN
153cac75-4251-4698-9681-2a13114d641f,Imposición,PROPN
153cac75-4251-4698-9681-2a13114d641f,Transportador,PROPN
153cac75-4251-4698-9681-2a13114d641f,quienes,PRON
153cac75-4251-4698-9681-2a13114d641f,Comisión,PROPN
36ad1b83-7f7d-40fb-ad0e-d3950e30c99f,Comisión,PROPN
36ad1b83-7f7d-40fb-ad0e-d3950e30c99f,acceso,NOUN
36ad1b83-7f7d-40fb-ad0e-d3950e30c99f,Comisión,PROPN
36ad1b83-7f7d-40fb-ad0e-d3950e30c99f,renuencia,NOUN
36ad1b83-7f7d-40fb-ad0e-d3950e30c99f,que,PRON
b71e6460-07ea-4dda-ae29-58bb9661fb23,imposición,NOUN
b71e6460-07ea-4dda-ae29-58bb9661fb23,que,PRON
dd51c7f1-44f2-452f-b17e-e53ccc09f335,solicitante,NOUN
dd51c7f1-44f2-452f-b17e-e53ccc09f335,éste,PRON
1e24967b-2a98-489c-a6d7-f8392576f35c,renuncia,NOUN
10b4dfef-ae87-4db8-a889-de4d845a9abb,partes,NOUN
80016311-4759-4688-a761-6d717fe1ca24,que,PRON
80016311-4759-4688-a761-6d717fe1ca24,este,PRON
80016311-4759-4688-a761-6d717fe1ca24,propietario,NOUN
9bbca50f-4385-4a74-96f1-a91e75591233,propietario,NOUN
9bbca50f-4385-4a74-96f1-a91e75591233,autorización,NOUN
9bbca50f-4385-4a74-96f1-a91e75591233,quien,PRON
c027c6d8-b260-4231-ad68-e8156d7990dd,propietario,NOUN
6eeea7b9-2dd7-47bd-8c3f-c3e42ba95a04,CREG,PROPN
6eeea7b9-2dd7-47bd-8c3f-c3e42ba95a04,que,PRON
6eeea7b9-2dd7-47bd-8c3f-c3e42ba95a04,condiciones,NOUN
dd567799-7d6d-4de4-af67-5a07661fe816,PRESTACIÓN,NOUN
dd567799-7d6d-4de4-af67-5a07661fe816,Transportador,PROPN
dd567799-7d6d-4de4-af67-5a07661fe816,conexión,NOUN
dd567799-7d6d-4de4-af67-5a07661fe816,modalidad,NOUN
fda7aba8-4f44-44ef-b412-387cc5bcb869,Asignación,PROPN
fda7aba8-4f44-44ef-b412-387cc5bcb869,Capacidad,PROPN
fda7aba8-4f44-44ef-b412-387cc5bcb869,Transportador,PROPN
a6d79c2c-3266-4090-8445-ae767ee78ee5,Transportador,PROPN
a6d79c2c-3266-4090-8445-ae767ee78ee5,que,PRON
a6d79c2c-3266-4090-8445-ae767ee78ee5,Capacidad,NOUN
9ebe6578-6c75-47e8-a809-ddbd568a6ff8,términos,NOUN
f563a901-dd31-4839-9e69-d782c062d83d,Transportador,PROPN
f563a901-dd31-4839-9e69-d782c062d83d,que,PRON
60015fe6-be68-4eaf-b23e-e8e9fe96907b,respuesta,NOUN
60015fe6-be68-4eaf-b23e-e8e9fe96907b,Capacidad,PROPN
60015fe6-be68-4eaf-b23e-e8e9fe96907b,servicio,NOUN
60015fe6-be68-4eaf-b23e-e8e9fe96907b,Aviso,PROPN
60015fe6-be68-4eaf-b23e-e8e9fe96907b,programa,NOUN
60015fe6-be68-4eaf-b23e-e8e9fe96907b,que,PRON
60015fe6-be68-4eaf-b23e-e8e9fe96907b,cual,PRON
b3797134-90dc-4713-9a41-f2ddd2f7bf3a,respuesta,NOUN
b3797134-90dc-4713-9a41-f2ddd2f7bf3a,procedimiento,NOUN
b3797134-90dc-4713-9a41-f2ddd2f7bf3a,Notificación,PROPN
b3797134-90dc-4713-9a41-f2ddd2f7bf3a,Capacidad,PROPN
8c85088b-9d48-4b97-a623-31ca16b4987b,Transportador,PROPN
8c85088b-9d48-4b97-a623-31ca16b4987b,que,PRON
8c85088b-9d48-4b97-a623-31ca16b4987b,cual,PRON
27d96a2d-d98a-492a-836d-85d97071720b,Remitente,PROPN
27d96a2d-d98a-492a-836d-85d97071720b,que,PRON
a6ecfea2-48a7-4bf4-a57b-fd0c0f76c445,CPC,PROPN
42595222-a61f-4d5b-8584-c421d3310d75,Transportador,PROPN
42595222-a61f-4d5b-8584-c421d3310d75,solicitud,NOUN
e3da38a4-f7db-4dd5-82f1-6bc9b1c270e6,Desvíos,PROPN
e3da38a4-f7db-4dd5-82f1-6bc9b1c270e6,desvíos,NOUN
c6c32251-6c27-4a6e-8836-56fad90184e8,Remitente,PROPN
523c4839-0ef3-4ce5-83a6-e97e42986f86,cambios,NOUN
523c4839-0ef3-4ce5-83a6-e97e42986f86,quienes,PRON
6ffe7edd-84fc-445d-a5cb-2a47cabff68e,Parágrafo,PROPN
6ffe7edd-84fc-445d-a5cb-2a47cabff68e,trayectoria,NOUN
6ffe7edd-84fc-445d-a5cb-2a47cabff68e,Transportador,PROPN
8d223fca-b7d3-4832-a0c3-c46ee4dc4c28,Contratos,PROPN
8d223fca-b7d3-4832-a0c3-c46ee4dc4c28,Transportadores,PROPN
423a234e-1ac0-4514-a753-bc70fb79e801,Transportador,PROPN
db78943c-f892-4471-9f42-73065b3adc26,Contrato,PROPN
811bae51-8e4c-4ff0-8207-68bba2e72d05,factura,NOUN
6d37ac1f-59ab-426f-b16d-4758abe3e220,Transportadores,PROPN
1169568a-dfc0-4cf0-97b4-0cd94eb2b2ff,operación,NOUN
1169568a-dfc0-4cf0-97b4-0cd94eb2b2ff,Remitente,PROPN
a7540933-7c86-45e7-a7ff-5a889139cf04,Transportador,PROPN
dd10bfd0-e812-4a5e-b0ad-d7714dac59f8,servicios,NOUN
dd10bfd0-e812-4a5e-b0ad-d7714dac59f8,estos,PRON
0cab5136-4f3c-4030-916e-a32870ce7b54,CREG,PROPN
9a935c39-c930-4e0e-9d70-bad4315e19c0,Contratos,PROPN
f757c865-4b91-4b58-bac9-e6006d2d3ec9,cláusula,NOUN
f757c865-4b91-4b58-bac9-e6006d2d3ec9,partes,NOUN
afc34f82-7333-4354-8020-d315ea1f763f,SERVICIO,PROPN
e79fdf68-6cfe-428a-9161-38b013e4db36,Servicio,PROPN
e79fdf68-6cfe-428a-9161-38b013e4db36,que,PRON
e79fdf68-6cfe-428a-9161-38b013e4db36,esto,PRON
e79fdf68-6cfe-428a-9161-38b013e4db36,Transportador,PROPN
706781ac-ca96-49a5-8175-b64cceea88dc,Transportador,PROPN
a0257acb-064b-47d9-9d95-0555b797b8ab,gas,NOUN
a0257acb-064b-47d9-9d95-0555b797b8ab,quien,PRON
69ac1060-22ae-4644-88d5-67fbcadd7a9e,yo,PRON
69ac1060-22ae-4644-88d5-67fbcadd7a9e,Remitente,PROPN
c6a3720b-8623-4065-b390-af1e9588def8,BOLETÍN,PROPN
c6a3720b-8623-4065-b390-af1e9588def8,Transportadores,PROPN
69a96de1-054e-48be-a12a-8809fae41e7d,Volumen,PROPN
ec9f5dd6-2983-492d-94e6-f21d19c4aaaf,Cuentas,NOUN
f230ac48-82fb-40a8-bd81-d7d00b419fbe,Consejo,PROPN
8429d991-1faf-4a37-9980-280b62e56de6,Consejo,PROPN
525a00d4-e9ff-4664-ae50-9320a150c262,Transportadores,PROPN
ccc26d92-3766-4b80-a0ae-fc40d8ce45ee,Consejo,PROPN
ccc26d92-3766-4b80-a0ae-fc40d8ce45ee,Ciclos,PROPN
9d4f3847-cfc1-4b11-8dbe-c0132ef55180,MERCADO,NOUN
9d4f3847-cfc1-4b11-8dbe-c0132ef55180,que,PRON
06617bd2-b03f-4896-b343-4df4e5b66cd5,operaciones,NOUN
06617bd2-b03f-4896-b343-4df4e5b66cd5,que,PRON
0775a740-7822-43f2-95ea-92f803486fa9,Remitentes,PROPN
0775a740-7822-43f2-95ea-92f803486fa9,que,PRON
1151e853-257f-4b3f-b7f3-4d8b94d7ff55,Remitente,PROPN
40e6835b-26ad-4168-aed9-4392498e2173,CPC,PROPN
40e6835b-26ad-4168-aed9-4392498e2173,que,PRON
6b6d7b96-cc2f-469b-98b3-23540e4f4dd2,oferta,NOUN
6235626f-af19-4789-989d-4f2f8215cb5f,Transportador,PROPN
7a6b18a1-b4ae-4a9e-b55c-9b56e2360ecf,CPC,PROPN
10f2fd34-23f6-40f5-9b3c-4bfdaabd61f3,Remitente,PROPN
10f2fd34-23f6-40f5-9b3c-4bfdaabd61f3,Punto,PROPN
fa0bc90f-5af1-4353-ae1c-deda263de882,desvíos,NOUN
d026ad35-5c6b-4a85-bd6a-4ba4dc522303,CPC,PROPN
d026ad35-5c6b-4a85-bd6a-4ba4dc522303,cual,PRON
d026ad35-5c6b-4a85-bd6a-4ba4dc522303,condiciones,NOUN
a0fb63b2-ae47-4ef3-99f0-78a5fd331247,Remitente,PROPN
e69c7506-5d2b-41e9-bedd-1565a9ab79b4,CPC,PROPN
e69c7506-5d2b-41e9-bedd-1565a9ab79b4,que,PRON
8b686584-1f29-4caf-a44e-4c0d49ba1bca,cesión,NOUN
8b686584-1f29-4caf-a44e-4c0d49ba1bca,operación,NOUN
0cb0e955-c667-412b-bf41-674f2f466baa,Remitente,PROPN
82f9eba9-7068-4ef3-9cfa-ac30915810a7,2.5.2,NOUN
82f9eba9-7068-4ef3-9cfa-ac30915810a7,Agentes,NOUN
82f9eba9-7068-4ef3-9cfa-ac30915810a7,que,PRON
c92bf85b-c073-4dee-a37c-c34f1156a53e,Agente,PROPN
c92bf85b-c073-4dee-a37c-c34f1156a53e,que,PRON
026c8c2a-f492-48f0-9315-2963788d1308,CPC,PROPN
026c8c2a-f492-48f0-9315-2963788d1308,que,PRON
a72d2e65-109a-47db-b70f-7b52d1f3fd68,oferta,NOUN
79fb7bb0-dd8f-485e-8990-eaeb1a857a54,Productorescomercializadores,PROPN
f8969be0-685f-4863-9dd2-05f897653708,precios,NOUN
24ece2c6-97a4-4c5d-ab9f-2814056a2ebf,Agente,PROPN
24ece2c6-97a4-4c5d-ab9f-2814056a2ebf,que,PRON
24ece2c6-97a4-4c5d-ab9f-2814056a2ebf,precios,NOUN
c249337d-6c6f-4fab-995e-74323a2f3fa0,CPC,PROPN
c249337d-6c6f-4fab-995e-74323a2f3fa0,que,PRON
7ebc74ce-c28c-4c49-9450-6836870d5d35,Agente,PROPN
7ebc74ce-c28c-4c49-9450-6836870d5d35,Punto,NOUN
e5ace14f-ee53-4a64-a8f0-3eb859ee6c34,cesión,NOUN
e5ace14f-ee53-4a64-a8f0-3eb859ee6c34,operación,NOUN
69cf99a9-4f39-40e5-a508-b79599646561,Agente,PROPN
6d24f480-8999-40d4-8dc1-fd8327d08749,Conexiones,PROPN
b5704a27-9b85-40d8-91db-d300dc2ffd38,Transportador,PROPN
b5704a27-9b85-40d8-91db-d300dc2ffd38,éste,PRON
79808a2c-6e27-4b07-9dbc-eaf9641c8eef,Cargo,PROPN
79808a2c-6e27-4b07-9dbc-eaf9641c8eef,que,PRON
79808a2c-6e27-4b07-9dbc-eaf9641c8eef,que,PRON
1c93b559-6bb5-4066-9be9-f85600969933,propietario,NOUN
baea76fc-e95e-414c-9d08-b68947e85a58,operación,NOUN
5396cf51-f708-447a-88a7-1606c6b85751,perjuicios,NOUN
197def9a-e648-4619-ac50-997d0b1ef68c,Transportador,PROPN
15df86f1-b2ba-493d-a457-a8b4ad28bc8a,Transportador,PROPN
15df86f1-b2ba-493d-a457-a8b4ad28bc8a,este,PRON
15df86f1-b2ba-493d-a457-a8b4ad28bc8a,que,PRON
15df86f1-b2ba-493d-a457-a8b4ad28bc8a,que,PRON
578b9ec5-6299-40b1-911e-78f42f16ff4f,Transportador,PROPN
578b9ec5-6299-40b1-911e-78f42f16ff4f,construcción,NOUN
428925f2-2f11-4d9e-8d88-3db3b62c4471,Transportador,PROPN
67d80a1b-2286-47a6-ab39-5379b5f1ac0f,perjuicios,NOUN
387e1729-5e5d-40c7-ab23-f4128aa97bae,SOLICITUD,NOUN
387e1729-5e5d-40c7-ab23-f4128aa97bae,Transportadores,PROPN
387e1729-5e5d-40c7-ab23-f4128aa97bae,Agente,PROPN
60ceccfb-4794-426e-abf0-4f90f47463e9,Transportador,PROPN
60ceccfb-4794-426e-abf0-4f90f47463e9,solicitud,NOUN
60ceccfb-4794-426e-abf0-4f90f47463e9,que,PRON
60ceccfb-4794-426e-abf0-4f90f47463e9,Transportador,PROPN
60ceccfb-4794-426e-abf0-4f90f47463e9,estos,PRON
6cef9c86-8f01-43a7-a704-51d05b9263eb,Transportador,PROPN
6cef9c86-8f01-43a7-a704-51d05b9263eb,cual,PRON
72236a35-7736-4fe2-a3ee-b325edd6991c,Dicha,PROPN
72236a35-7736-4fe2-a3ee-b325edd6991c,metodología,NOUN
56921535-6a39-4152-b97f-a3809b997267,oferta,NOUN
56921535-6a39-4152-b97f-a3809b997267,que,PRON
56921535-6a39-4152-b97f-a3809b997267,propuesta,NOUN
56921535-6a39-4152-b97f-a3809b997267,obras,NOUN
fc1bbce2-082a-4b62-b92e-e2326e63f8de,Transportador,PROPN
90de2d38-db5d-4f42-9a0a-bba108c2cae2,respuesta,NOUN
15695c4c-230f-4382-bc19-d98e95058851,respuesta,NOUN
92d9f532-7261-4804-852c-4b8068178530,naturaleza,NOUN
92d9f532-7261-4804-852c-4b8068178530,que,PRON
92d9f532-7261-4804-852c-4b8068178530,Remitente,PROPN
92d9f532-7261-4804-852c-4b8068178530,que,PRON
92d9f532-7261-4804-852c-4b8068178530,cuales,PRON
92d9f532-7261-4804-852c-4b8068178530,quién,PRON
b0f81fd4-e2bc-4b8f-849c-e257e5765d1c,perjuicios,NOUN
b0f81fd4-e2bc-4b8f-849c-e257e5765d1c,que,PRON
fc96208a-b71c-4d6f-9b8d-92ece010a80a,dańos,NOUN
fc96208a-b71c-4d6f-9b8d-92ece010a80a,estos,PRON
fc96208a-b71c-4d6f-9b8d-92ece010a80a,Transportador,PROPN
3058525a-13f1-476b-b60b-8606540fa415,conexiones,NOUN
3058525a-13f1-476b-b60b-8606540fa415,que,PRON
3058525a-13f1-476b-b60b-8606540fa415,que,PRON
3058525a-13f1-476b-b60b-8606540fa415,Transportador,PROPN
9c7756a7-990d-4f55-a990-35122cbececd,costo,NOUN
247125dc-fa49-4c95-9dfe-1393fd5eb832,Transportador,PROPN
23dce924-2167-4132-b113-55f385506b45,Transportador,PROPN
23dce924-2167-4132-b113-55f385506b45,instalación,NOUN
ee321ea5-e529-4269-b503-14f3816e3554,Transportador,PROPN
6e376c79-8ffb-46ce-a658-f94e582e53a7,Transportador,PROPN
6e376c79-8ffb-46ce-a658-f94e582e53a7,que,PRON
c5784232-ac7c-43e2-8941-d5949d42bdf0,costo,NOUN
c5784232-ac7c-43e2-8941-d5949d42bdf0,que,PRON
d74f4922-172f-41b5-9f8a-73d7b7e39c4e,Transportador,PROPN
d74f4922-172f-41b5-9f8a-73d7b7e39c4e,fecha,NOUN
0c2be8b8-28ba-476d-a42e-c3fa9cf3daea,CONEXIONES,NOUN
0c2be8b8-28ba-476d-a42e-c3fa9cf3daea,régimen,NOUN
0c2be8b8-28ba-476d-a42e-c3fa9cf3daea,costos,NOUN
f4b0f260-5c06-41ba-8bf5-6948e8ef1e1a,Transportador,PROPN
f4b0f260-5c06-41ba-8bf5-6948e8ef1e1a,que,PRON
edb435d3-896f-4677-8892-da9a44a9a6e2,CONEXIONES,NOUN
edb435d3-896f-4677-8892-da9a44a9a6e2,costos,NOUN
edb435d3-896f-4677-8892-da9a44a9a6e2,que,PRON
7ef01044-3aa9-4a2c-9e45-d8ccae31c06e,Punto,PROPN
7ef01044-3aa9-4a2c-9e45-d8ccae31c06e,costo,NOUN
53e7f42b-171c-4040-8077-bb171b7a9531,condiciones,NOUN
53e7f42b-171c-4040-8077-bb171b7a9531,Transportadores,PROPN
53e7f42b-171c-4040-8077-bb171b7a9531,que,PRON
2860b2a3-5cd9-44d7-ba41-c8d08958ac95,Transportadores,PROPN
2860b2a3-5cd9-44d7-ba41-c8d08958ac95,que,PRON
232a911c-ab73-4a4c-b9a8-206b5091b930,que,PRON
232a911c-ab73-4a4c-b9a8-206b5091b930,SSPD,PROPN
af3c4f30-196f-40bd-bda6-c2c719f037bb,Transportador,PROPN
6ea54731-b34a-45b0-8f05-ce8ddac45a6e,contratación,NOUN
be721d0c-2919-4140-9569-57b05c6d13bf,Remitente,PROPN
28e7b2cc-142e-4522-ac0c-d8af1e25a300,planeación,NOUN
03b32bee-ef45-439c-a21b-df7c8d03e213,Centros,PROPN
eebb674d-65b4-43e5-a7aa-1999936f1404,Remitente,PROPN
256fda0b-ba54-459a-9333-c4a876ce199f,Transportadores,PROPN
7426f469-2efe-407b-9da0-cbd5a6d853b2,Transportador,PROPN
dcd616c7-3a73-4075-a2f5-63ee3541f44d,que,PRON
dcd616c7-3a73-4075-a2f5-63ee3541f44d,activos,NOUN
31ba66b4-dedf-4aad-8872-b9426a3d4db7,Transportadores,PROPN
31ba66b4-dedf-4aad-8872-b9426a3d4db7,que,PRON
45aa8843-f3eb-4829-ab90-5c06ae1231d9,Acuerdos,PROPN
cd035960-b0b1-489e-969e-1c4f97df3c31,Consejo,PROPN
b80a4165-b3a7-429c-bffc-4960cb60552f,Dicho,PROPN
b80a4165-b3a7-429c-bffc-4960cb60552f,Transportadores,PROPN
d432a276-1bb8-4d67-b052-479037a215be,Manual,PROPN
243f0043-78f6-4974-baa2-d66bc252dac1,REGISTRO,NOUN
243f0043-78f6-4974-baa2-d66bc252dac1,Transportador,PROPN
243f0043-78f6-4974-baa2-d66bc252dac1,que,PRON
1cb2efee-95d9-4c74-9fc6-9301a61b0375,Demanda,PROPN
2460e9cf-bb39-4a54-9933-11b7b9edca9e,Estadísticas,PROPN
2460e9cf-bb39-4a54-9933-11b7b9edca9e,Transportadores,PROPN
2460e9cf-bb39-4a54-9933-11b7b9edca9e,que,PRON
4898578c-1c24-4ed8-b307-78a0fc3901ef,reportes,NOUN
7ad833c0-7ec1-4900-a42f-a0b38a5bde00,base,NOUN
7ad833c0-7ec1-4900-a42f-a0b38a5bde00,autoridades,NOUN
3c754520-65e0-4a15-a1a5-ae2ffc459dda,4.4.2,ADV
3c754520-65e0-4a15-a1a5-ae2ffc459dda,Transportadores,PROPN
3c754520-65e0-4a15-a1a5-ae2ffc459dda,estas,PRON
b7688956-0c71-4fca-88f7-77099d341f1b,Indicadores,PROPN
b7688956-0c71-4fca-88f7-77099d341f1b,CREG,PROPN
b7688956-0c71-4fca-88f7-77099d341f1b,que,PRON
0151b279-cbb6-4e23-9e64-740203236121,transportador,NOUN
e3c06f9a-1137-4a74-911d-65e09f1456b1,NOMINACIONES,NOUN
e3c06f9a-1137-4a74-911d-65e09f1456b1,Remitentes,PROPN
1e3d55af-14d2-4f90-91eb-3d8671278f22,Remitente,PROPN
835a855d-e2d1-4f4a-a380-0ec44694775e,empresas,NOUN
a693b42c-d34b-4e9a-823a-c66ff65e4508,nominaciones,NOUN
f73780d8-e1a2-46b8-a0e5-f2fc8ecbd130,Remitentes,PROPN
f73780d8-e1a2-46b8-a0e5-f2fc8ecbd130,que,PRON
f73780d8-e1a2-46b8-a0e5-f2fc8ecbd130,Punto,PROPN
6b04c128-1f53-4793-822e-17502ad3451e,Ciclo,PROPN
b0dfd468-a2b8-4a50-8fb4-41172478bb19,nominaciones,NOUN
3c7d9451-cf8c-43dd-99e9-9317dc561cf7,límite,NOUN
4a135cf3-5849-4ef1-9ebb-9e1046d3e4ee,CPC,PROPN
3d9486d0-2742-47f4-b443-13ad9d912bab,CPC,PROPN
a68f596e-6832-4c86-89f6-7fd83b8005e3,Parágrafo,PROPN
a68f596e-6832-4c86-89f6-7fd83b8005e3,Ciclo,PROPN
a68f596e-6832-4c86-89f6-7fd83b8005e3,Despacho,PROPN
9b712d97-a1ce-4aa4-ba6e-d3a300bd8dda,Concordacia,PROPN
9b712d97-a1ce-4aa4-ba6e-d3a300bd8dda,que,PRON
75259b97-5535-4776-9b81-9819c3498e60,CPC,PROPN
75259b97-5535-4776-9b81-9819c3498e60,Cantidad,PROPN
75259b97-5535-4776-9b81-9819c3498e60,Usuarios,PROPN
f2a6f551-b4ea-48ae-a46e-04190ec4d38b,Programa,PROPN
f2a6f551-b4ea-48ae-a46e-04190ec4d38b,Remitente,PROPN
f2a6f551-b4ea-48ae-a46e-04190ec4d38b,que,PRON
b788180f-4451-4e4f-9765-031a692bed42,Remitente,PROPN
a6334302-a5de-48b1-955c-f1f22f143eb4,CPC,PROPN
b95c796b-e4ba-4fef-94e5-d996f12f1443,Remitente,PROPN
b95c796b-e4ba-4fef-94e5-d996f12f1443,confirmación,NOUN
b95c796b-e4ba-4fef-94e5-d996f12f1443,CPC,PROPN
b95c796b-e4ba-4fef-94e5-d996f12f1443,Cantidad,PROPN
92b5f917-bc1a-40d0-91e1-d78779778f32,CPC,PROPN
92b5f917-bc1a-40d0-91e1-d78779778f32,Cantidad,PROPN
33817471-df09-4a5c-afd9-03316f46c5f5,Renominaciones,PROPN
33817471-df09-4a5c-afd9-03316f46c5f5,Remitente,PROPN
33817471-df09-4a5c-afd9-03316f46c5f5,CPC,PROPN
33817471-df09-4a5c-afd9-03316f46c5f5,solicitudes,NOUN
33817471-df09-4a5c-afd9-03316f46c5f5,modificación,NOUN
c681a9c4-6a70-476d-ba55-c203cf386ea1,CPC,PROPN
c681a9c4-6a70-476d-ba55-c203cf386ea1,limitaciones,NOUN
497f0b2b-54af-4b34-8d0b-2cdf7a5e62a7,renominaciones,NOUN
497f0b2b-54af-4b34-8d0b-2cdf7a5e62a7,Transportador,PROPN
497f0b2b-54af-4b34-8d0b-2cdf7a5e62a7,CNO,PROPN
05c7859e-6e7e-4a81-9254-9a3e67208e08,Formato,PROPN
05c7859e-6e7e-4a81-9254-9a3e67208e08,formato,NOUN
784384a2-74ec-401f-b075-5318bd4bd0e6,4.5.2,NUM
784384a2-74ec-401f-b075-5318bd4bd0e6,Nominación,PROPN
892ba891-7e02-425c-a548-b7c59e1deded,Nominaciones,PROPN
6a3727ea-ecc7-45fd-a6cf-5347650721c7,Hora,PROPN
6a3727ea-ecc7-45fd-a6cf-5347650721c7,ProductorComercializador,PROPN
b4db467e-67b8-4ff5-b9f5-2be89e3b60a3,Remitentes,PROPN
b4db467e-67b8-4ff5-b9f5-2be89e3b60a3,ProductoresComercializadores,NOUN
95613bcf-66b5-4541-abad-f4ae43bc7486,Ciclo,PROPN
95613bcf-66b5-4541-abad-f4ae43bc7486,Despacho,PROPN
879a79b7-3cd0-4f0f-8484-aca3714a7788,Verificación,PROPN
879a79b7-3cd0-4f0f-8484-aca3714a7788,que,PRON
879a79b7-3cd0-4f0f-8484-aca3714a7788,partes,NOUN
05fac623-7dce-489f-a737-aa04d085f40e,Cantidad,PROPN
05fac623-7dce-489f-a737-aa04d085f40e,Usuarios,PROPN
e3d27f72-2d9f-4c83-a02f-97471c4e2f4a,Agente,PROPN
f69a9404-6e38-4958-8ec1-b5d66947172c,Renominaciones,NOUN
f69a9404-6e38-4958-8ec1-b5d66947172c,Remitente,PROPN
f69a9404-6e38-4958-8ec1-b5d66947172c,solicitudes,NOUN
f69a9404-6e38-4958-8ec1-b5d66947172c,modificación,NOUN
0e76f420-59bb-49a6-813c-8ace28ca88e7,Productorcomercializador,PROPN
0e76f420-59bb-49a6-813c-8ace28ca88e7,limitaciones,NOUN
f7888966-904a-4a4f-8e85-3d2435e1736e,Renominaciones,PROPN
213ba0a5-4c1c-4043-ac39-5c8d12bc9074,OPERACIÓN,NOUN
213ba0a5-4c1c-4043-ac39-5c8d12bc9074,Obligación,PROPN
213ba0a5-4c1c-4043-ac39-5c8d12bc9074,presiones,NOUN
e33247eb-9ac8-43e1-b446-d4d7464b53bb,Transportador,PROPN
e5d3035f-a488-4dd6-b385-5ff56e874488,presiones,NOUN
be25cc24-50e5-43f8-b5a1-577027f6c003,Transportador,PROPN
c471340c-34b5-469f-8c75-72847f5a43f8,Capacidad,PROPN
48274855-53c8-4fbc-b8b7-efe5934fb248,Sistema,PROPN
48274855-53c8-4fbc-b8b7-efe5934fb248,Transportador,PROPN
48274855-53c8-4fbc-b8b7-efe5934fb248,restricciones,NOUN
ef7ab3b7-e0d6-487e-8931-478d86b283c7,Transportador,PROPN
514b88a9-816f-492d-8b6b-cc1c02a254dc,Agente,PROPN
514b88a9-816f-492d-8b6b-cc1c02a254dc,estas,PRON
514b88a9-816f-492d-8b6b-cc1c02a254dc,Transportador,PROPN
962fb78c-be83-4dc5-8b6d-e038840ca3bc,atención,NOUN
962fb78c-be83-4dc5-8b6d-e038840ca3bc,Transportador,PROPN
4c86eccf-7c8c-4b25-9160-22933f4d560a,sobrecostos,NOUN
4c86eccf-7c8c-4b25-9160-22933f4d560a,sobrecostos,NOUN
4c86eccf-7c8c-4b25-9160-22933f4d560a,que,PRON
4c86eccf-7c8c-4b25-9160-22933f4d560a,éste,PRON
4c86eccf-7c8c-4b25-9160-22933f4d560a,que,PRON
02caa97b-1bf6-4d99-ba1c-5135bda0b730,que,PRON
02caa97b-1bf6-4d99-ba1c-5135bda0b730,Numeral,PROPN
02caa97b-1bf6-4d99-ba1c-5135bda0b730,modificación,NOUN
e53e86c3-2d50-4e98-becc-e8e796a9ca75,Obligaciones,NOUN
d061a161-471d-41b3-9adf-3a0838f903bb,incumplimiento,NOUN
d061a161-471d-41b3-9adf-3a0838f903bb,obligación,NOUN
d061a161-471d-41b3-9adf-3a0838f903bb,que,PRON
d061a161-471d-41b3-9adf-3a0838f903bb,inestabilidad,NOUN
d061a161-471d-41b3-9adf-3a0838f903bb,Remitente,PROPN
024fed4b-6b80-4a61-8d11-84db1e6fa245,Remitente,PROPN
024fed4b-6b80-4a61-8d11-84db1e6fa245,Remitente,PROPN
0597d96c-411f-464a-9a57-f38aec63dd39,Acuerdos,NOUN
0597d96c-411f-464a-9a57-f38aec63dd39,Acuerdo,PROPN
0597d96c-411f-464a-9a57-f38aec63dd39,procedimientos,NOUN
0597d96c-411f-464a-9a57-f38aec63dd39,que,PRON
0597d96c-411f-464a-9a57-f38aec63dd39,que,PRON
32437a56-0717-4ae4-9ed6-1519a60b1217,Acuerdos,NOUN
ae0186f3-000f-4725-93f3-2c51102fcd26,CPC,PROPN
05bc674b-20f4-4dfa-82d6-fc01ffec335d,Remitente,PROPN
05bc674b-20f4-4dfa-82d6-fc01ffec335d,Transportador,PROPN
2c736ca8-254d-43f6-8f51-903531092d4f,Transportador,PROPN
2c736ca8-254d-43f6-8f51-903531092d4f,Transportador,PROPN
91e386f7-8d57-4ab2-944b-e64c63401606,Consejo,PROPN
91e386f7-8d57-4ab2-944b-e64c63401606,que,PRON
91e386f7-8d57-4ab2-944b-e64c63401606,que,PRON
535b335e-d234-41b1-9355-fa4d698bad55,Cuenta,PROPN
535b335e-d234-41b1-9355-fa4d698bad55,que,PRON
535b335e-d234-41b1-9355-fa4d698bad55,Desbalances,PROPN
16c96cfd-c236-49c6-aff3-9adf03a66c66,Cuenta,PROPN
16c96cfd-c236-49c6-aff3-9adf03a66c66,que,PRON
02d58f29-4f30-4b2f-9dbe-559421ca832f,volúmenes,NOUN
02d58f29-4f30-4b2f-9dbe-559421ca832f,Transportador,PROPN
02d58f29-4f30-4b2f-9dbe-559421ca832f,Cuenta,PROPN
aa9fcb32-69a6-417a-9434-27eb28088a2b,proceso,NOUN
aa9fcb32-69a6-417a-9434-27eb28088a2b,esto,PRON
f2bc2573-f8bf-4f3b-96e0-0faa9ecbf349,equipos,NOUN
f2bc2573-f8bf-4f3b-96e0-0faa9ecbf349,CPC,PROPN
f2bc2573-f8bf-4f3b-96e0-0faa9ecbf349,mismo,DET
41fa1e37-e72b-488c-955e-f50b8a3cca20,Remitente,PROPN
41fa1e37-e72b-488c-955e-f50b8a3cca20,Cantidad,PROPN
41fa1e37-e72b-488c-955e-f50b8a3cca20,que,PRON
41fa1e37-e72b-488c-955e-f50b8a3cca20,Cuenta,PROPN
e44f6fb6-d44b-4325-9116-1ecdd13a0ee1,Remitente,PROPN
e44f6fb6-d44b-4325-9116-1ecdd13a0ee1,nominaciones,NOUN
15a1d8d0-52a8-4548-abb0-a9586ce70072,Transportador,PROPN
15a1d8d0-52a8-4548-abb0-a9586ce70072,Remitentes,PROPN
15a1d8d0-52a8-4548-abb0-a9586ce70072,que,PRON
15a1d8d0-52a8-4548-abb0-a9586ce70072,que,PRON
15a1d8d0-52a8-4548-abb0-a9586ce70072,CPC,PROPN
15a1d8d0-52a8-4548-abb0-a9586ce70072,Rangos,PROPN
f1d61d35-aeb7-4590-a1b6-e4fe2d71a21c,Dichos,PROPN
f1d61d35-aeb7-4590-a1b6-e4fe2d71a21c,Programa,PROPN
57801c9c-e1f0-4480-b57b-a342ba3eab3b,Transportador,PROPN
57801c9c-e1f0-4480-b57b-a342ba3eab3b,Variaciones,PROPN
56222334-9522-4463-b3c2-c696b79e9c50,Parágrafo,PROPN
56222334-9522-4463-b3c2-c696b79e9c50,CPC,PROPN
f2e766c5-51f8-430d-95a5-ac8009f73789,INCUMPLIMIENTO,PROPN
7fdc14dd-069a-4f64-9538-f09c27fa9569,incumplimiento,NOUN
7fdc14dd-069a-4f64-9538-f09c27fa9569,Transportador,PROPN
7fdc14dd-069a-4f64-9538-f09c27fa9569,Leyes,PROPN
84334350-e555-489c-9a61-8e1baf39d84a,incumplimiento,NOUN
84334350-e555-489c-9a61-8e1baf39d84a,que,PRON
53cce3b4-4d82-48ab-aee9-d2242a748566,Compensaciones,PROPN
53cce3b4-4d82-48ab-aee9-d2242a748566,que,PRON
32bf6757-1f31-4455-b5ac-cf37d74c2b33,7180a3,NUM
32bf6757-1f31-4455-b5ac-cf37d74c2b33,5160a4,PROPN
32bf6757-1f31-4455-b5ac-cf37d74c2b33,3140a6,PROPN
32bf6757-1f31-4455-b5ac-cf37d74c2b33,a15xA,NUM
cd6fef89-b74b-40d5-9cd0-8b18f4798041,Ca13xA,DET
6e3ec9d5-7343-4745-bf3b-abf3058c0739,parámetros,NOUN
6e3ec9d5-7343-4745-bf3b-abf3058c0739,base,NOUN
bc324fda-e48a-4675-91c4-2ccde957337d,matrices,NOUN
bc324fda-e48a-4675-91c4-2ccde957337d,que,PRON
bc324fda-e48a-4675-91c4-2ccde957337d,CNO,PROPN
bc324fda-e48a-4675-91c4-2ccde957337d,CREG,PROPN
bc324fda-e48a-4675-91c4-2ccde957337d,que,PRON
31a4d8c3-4106-4a8a-992f-852ef9519731,vigencia,NOUN
fbb05eff-80b0-4361-b677-bba98a048d4e,Consejo,PROPN
9c5b7e20-2fd7-4ed8-9868-4bafc6275756,Comisión,PROPN
a74e8b92-9710-468c-b44c-8949d0352b5a,compensaciones,NOUN
1bc08a59-38a0-4d93-b2d2-d2bf6c451515,compensaciones,NOUN
1bc08a59-38a0-4d93-b2d2-d2bf6c451515,que,PRON
1bc08a59-38a0-4d93-b2d2-d2bf6c451515,que,PRON
f21035d8-4188-4ba5-ac9a-dab9bb3d72d8,Agente,PROPN
f21035d8-4188-4ba5-ac9a-dab9bb3d72d8,que,PRON
f21035d8-4188-4ba5-ac9a-dab9bb3d72d8,Ley,PROPN
f21035d8-4188-4ba5-ac9a-dab9bb3d72d8,contratos,NOUN
db7a2cd0-ad4b-4dcc-a0ab-fdb88ece231b,Agente,PROPN
db7a2cd0-ad4b-4dcc-a0ab-fdb88ece231b,que,PRON
db7a2cd0-ad4b-4dcc-a0ab-fdb88ece231b,Artículo,PROPN
8dd69ce3-76f4-411d-98db-eca7e06610d6,causante,NOUN
8dd69ce3-76f4-411d-98db-eca7e06610d6,que,PRON
feaa9c92-ac60-4777-bbad-ccb1a6d43eea,RESTRICCIONES,NOUN
feaa9c92-ac60-4777-bbad-ccb1a6d43eea,CREG,PROPN
865986c2-00fd-4500-bb44-6100c240b217,disposiciones,NOUN
5ecee685-9dbe-4f80-b05b-a3e2d1f8cdfd,CÁLCULO,PROPN
5ecee685-9dbe-4f80-b05b-a3e2d1f8cdfd,pérdidas,NOUN
07d0b644-798e-4b42-b955-2e0c38db7276,Manual,PROPN
392802e3-dca0-4112-8f2a-99e9b586aa89,Asignación,PROPN
392802e3-dca0-4112-8f2a-99e9b586aa89,pérdidas,NOUN
392802e3-dca0-4112-8f2a-99e9b586aa89,que,PRON
6df2adb6-8552-49e2-ab56-bea1661f73cd,pérdidas,NOUN
6df2adb6-8552-49e2-ab56-bea1661f73cd,que,PRON
985a2a02-9cbe-41e9-ab84-46aa30604f13,costo,NOUN
985a2a02-9cbe-41e9-ab84-46aa30604f13,Transportador,PROPN
4477f2c1-66a7-4ba9-84d4-7fef3bc8ab60,CUSTODIA,PROPN
4477f2c1-66a7-4ba9-84d4-7fef3bc8ab60,Transportador,PROPN
4477f2c1-66a7-4ba9-84d4-7fef3bc8ab60,Remitente,PROPN
4477f2c1-66a7-4ba9-84d4-7fef3bc8ab60,quien,PRON
4477f2c1-66a7-4ba9-84d4-7fef3bc8ab60,Remitente,PROPN
ca823b0a-45fe-4ee6-ae51-69affcdf8280,responsabilidad,NOUN
ca823b0a-45fe-4ee6-ae51-69affcdf8280,Gas,PROPN
ca823b0a-45fe-4ee6-ae51-69affcdf8280,Transportador,PROPN
eb721bb3-886c-4633-b601-2d6007da6dae,Remitente,PROPN
eb721bb3-886c-4633-b601-2d6007da6dae,que,SCONJ
eb721bb3-886c-4633-b601-2d6007da6dae,que,PRON
eb721bb3-886c-4633-b601-2d6007da6dae,que,PRON
339c27f7-7c52-46bd-83c9-9a8d6c402d62,Transportador,PROPN
339c27f7-7c52-46bd-83c9-9a8d6c402d62,que,SCONJ
184d51a8-e34d-47dd-aa0a-e401f2314e25,empresa,NOUN
184d51a8-e34d-47dd-aa0a-e401f2314e25,que,PRON
70bb5349-9e12-4e5b-87fb-aea403b1aae0,oficina,NOUN
73bd655f-5842-4f1b-92f0-97bd5035e0b0,MEDICION,PROPN
73bd655f-5842-4f1b-92f0-97bd5035e0b0,que,PRON
73bd655f-5842-4f1b-92f0-97bd5035e0b0,contenido,NOUN
6ce99950-c891-4f25-99cd-635f39ebbb90,Telemedición,PROPN
0bdb6434-604b-45b1-a703-783f550d4223,que,PRON
0bdb6434-604b-45b1-a703-783f550d4223,determinación,NOUN
0bdb6434-604b-45b1-a703-783f550d4223,Variaciones,PROPN
c2eebde3-5b98-4955-af5a-61129f0b08bd,mediciones,NOUN
c2eebde3-5b98-4955-af5a-61129f0b08bd,ajustes,NOUN
906d175c-c8df-446d-9581-479895f512f6,medición,NOUN
29cfcb92-cb69-40ba-a57d-397c52bfb52a,MEDICION,PROPN
29cfcb92-cb69-40ba-a57d-397c52bfb52a,propiedad,NOUN
3725dda4-82cf-465f-9eaa-5e83115ad48f,responsabilidad,NOUN
5c6590d1-8254-4dd2-944c-45299dd8507c,ProductorComercializador,PROPN
073eb7a2-786d-42e8-b479-f5017686587c,asignación,NOUN
8772bf75-7c71-4dc2-9718-85810983338e,Determinación,PROPN
8772bf75-7c71-4dc2-9718-85810983338e,que,PRON
8772bf75-7c71-4dc2-9718-85810983338e,Transportador,PROPN
a35af6e7-576f-4ac1-80d2-165bdadd2047,costo,NOUN
c67e224f-7df3-45cb-83bc-dfe5dc3b5142,responsabilidad,NOUN
7fe7f700-5592-4dd4-8f8c-b32c9491a99a,volumen,NOUN
6c8b6002-c6b2-40d9-928f-6f28383653ad,Sistema,PROPN
6c8b6002-c6b2-40d9-928f-6f28383653ad,sistema,NOUN
6c8b6002-c6b2-40d9-928f-6f28383653ad,que,PRON
6c8b6002-c6b2-40d9-928f-6f28383653ad,recomendaciones,NOUN
fd68f097-79da-4397-9c4c-312367d0922a,Elementos,PROPN
dd88e118-6783-4a7e-a038-f076f5368d65,elementos,NOUN
dd88e118-6783-4a7e-a038-f076f5368d65,que,PRON
437fc3bb-0ac2-4233-991f-0091d9708a4e,Propiedad,PROPN
437fc3bb-0ac2-4233-991f-0091d9708a4e,propiedad,NOUN
23883e13-2ef0-4a06-a745-aad1f228f7b2,costos,NOUN
8fe191f5-f99a-430b-9585-846aa1b3b92f,Agentes,NOUN
8fe191f5-f99a-430b-9585-846aa1b3b92f,equipos,NOUN
2edd8136-3eaa-4bdb-a851-56604166ab0a,Transportador,PROPN
16cb26e0-2a27-4547-98d1-b5ff51a434f9,Transportador,PROPN
3597503c-7293-47e5-8bd9-9eba06517dde,Instalación,PROPN
3597503c-7293-47e5-8bd9-9eba06517dde,instalación,NOUN
3597503c-7293-47e5-8bd9-9eba06517dde,Remitente,PROPN
8e632a82-7fdf-431b-892e-49fa7252b1c7,Transportador,PROPN
9a2d469f-b292-4a6c-92b6-7429d567c379,instalación,NOUN
af7f2b7a-7b06-479c-8b69-22bba592120d,Transportador,PROPN
6d602a25-4707-4688-a3ae-2813995f551e,5.3.4,NUM
6d602a25-4707-4688-a3ae-2813995f551e,funcionamiento,NOUN
e6c8eb41-bf32-484e-91e2-da1e2b7cde83,Agente,PROPN
e6c8eb41-bf32-484e-91e2-da1e2b7cde83,Transportador,PROPN
c2e2a8ae-a15a-4644-be9f-d73d8f645490,Sistema,PROPN
27bb1269-7913-4880-96a1-039299eeb4e5,Agentes,NOUN
510f09c1-c674-40b1-a239-920648758b3d,equipo,NOUN
e20379c3-cb65-4ee2-b94f-52f3f5fc71bd,medidor,NOUN
1da21439-ebd7-4c67-acea-21e90fc77400,costos,NOUN
1da21439-ebd7-4c67-acea-21e90fc77400,que,PRON
c5b6c67b-4fe5-4175-b502-b2bb6ab7608a,MEDICION,NOUN
c5b6c67b-4fe5-4175-b502-b2bb6ab7608a,que,PRON
224c7e06-f7d7-4958-81eb-19eb3ff622d5,Sistemas,PROPN
224c7e06-f7d7-4958-81eb-19eb3ff622d5,Sistema,PROPN
802b5f85-37ee-4911-8ebe-394451051cf5,Determinación,PROPN
6bba629f-e9af-4311-b4e6-e1a45bfeff69,Transportador,PROPN
56081188-bf45-4765-aa31-e0b43eac2698,Determinación,PROPN
56081188-bf45-4765-aa31-e0b43eac2698,cual,PRON
d9a12990-de50-4ae9-a769-60ff410c1493,supercompresibilidad,NOUN
1d3e5cee-64c3-44dd-a06f-17e18da99953,Determinación,PROPN
1d3e5cee-64c3-44dd-a06f-17e18da99953,gravedad,NOUN
673b233e-bd47-4704-926d-758f0eb6cb5f,Gravedad,PROPN
673b233e-bd47-4704-926d-758f0eb6cb5f,partes,NOUN
4c241f97-3b42-43dc-9ab1-3309e56413a3,gases,NOUN
4c241f97-3b42-43dc-9ab1-3309e56413a3,Transportador,PROPN
07d8f5b0-a821-429f-9edf-e9598dc58424,Determinación,PROPN
85f6d506-3538-44e2-b0e1-e410081a22f9,equipos,NOUN
bcfb5efc-3b44-41c6-9afc-2f28bacc3794,poder,NOUN
bcfb5efc-3b44-41c6-9afc-2f28bacc3794,partes,NOUN
0743f8c6-b81a-48bf-905b-66915293d711,Transportador,PROPN
c6ca3553-16b6-4e5d-a55e-83ef815bef7a,información,NOUN
6d2462d5-122c-4aa4-8849-9ae7946f4bf5,procedimientos,NOUN
b12d4d9f-c227-4bc3-825d-a605cd1ef823,PRECISION,NOUN
b12d4d9f-c227-4bc3-825d-a605cd1ef823,medición,NOUN
13a1c7d8-d1f7-4a5a-a1e4-69b972432024,porcentaje,NOUN
196c6a38-51ab-4a52-93b1-a6e6df503935,medición,NOUN
196c6a38-51ab-4a52-93b1-a6e6df503935,cualquiera,PRON
1a0bd9a5-fb57-428e-bdc7-ae5ef755b4a6,Medición,PROPN
1a0bd9a5-fb57-428e-bdc7-ae5ef755b4a6,equipos,NOUN
181b229e-baec-4633-bf4e-ac38e16d4c34,error,NOUN
181b229e-baec-4633-bf4e-ac38e16d4c34,medidores,NOUN
181b229e-baec-4633-bf4e-ac38e16d4c34,parámetro,NOUN
181b229e-baec-4633-bf4e-ac38e16d4c34,medidores,NOUN
181b229e-baec-4633-bf4e-ac38e16d4c34,parámetro,NOUN
181b229e-baec-4633-bf4e-ac38e16d4c34,que,PRON
c1788508-937e-4951-af19-9e49b28512ff,registros,NOUN
dcf9ad60-a7fa-4c89-8e4f-adf78cea159d,inexactitud,NOUN
dcf9ad60-a7fa-4c89-8e4f-adf78cea159d,previsto,ADJ
52b59159-6041-4949-b71f-849a257df006,Corrección,PROPN
52b59159-6041-4949-b71f-849a257df006,porcentaje,NOUN
52b59159-6041-4949-b71f-849a257df006,partes,NOUN
12c5f858-7a35-40b4-8387-8c6905833ad3,Fraudes,PROPN
12c5f858-7a35-40b4-8387-8c6905833ad3,Agente,PROPN
12c5f858-7a35-40b4-8387-8c6905833ad3,parte,NOUN
afe39704-cc51-4cce-8811-593508f141e1,parte,NOUN
bf4b5de8-72d9-4dc1-825d-5616566a4e53,reincidencia,NOUN
3b1521c0-eeee-40a3-953d-95697e57b8da,actuación,NOUN
3e20c79a-27d8-4fb8-93b5-2cd47ae402c6,calibración,NOUN
b8976793-5533-4b4d-b903-ac5e9284945b,costos,NOUN
b8976793-5533-4b4d-b903-ac5e9284945b,éste,PRON
42a07f03-ce98-4258-9a96-a9aaf1d6a8f5,5.5.3.2,NUM
42a07f03-ce98-4258-9a96-a9aaf1d6a8f5,exactitud,NOUN
83e90f8e-6afd-410f-a41d-d073a03b813b,verificación,NOUN
83e90f8e-6afd-410f-a41d-d073a03b813b,Transportador,PROPN
83e90f8e-6afd-410f-a41d-d073a03b813b,costo,NOUN
32db215e-58c5-4dd2-bf55-ccc4e34a3e63,Normas,PROPN
137a5793-23b3-4df9-bd54-6b188d015165,partes,NOUN
f6194da9-6dc6-4470-939a-06dac279d25b,costo,NOUN
f6194da9-6dc6-4470-939a-06dac279d25b,quien,PRON
f6194da9-6dc6-4470-939a-06dac279d25b,solicite,NOUN
f6194da9-6dc6-4470-939a-06dac279d25b,descalibración,NOUN
f6194da9-6dc6-4470-939a-06dac279d25b,costos,NOUN
76d61c13-8af1-4dc1-a940-3f239f0b12ba,Transportador,PROPN
76d61c13-8af1-4dc1-a940-3f239f0b12ba,prueba,NOUN
76d61c13-8af1-4dc1-a940-3f239f0b12ba,parte,NOUN
d88e149a-1208-46ff-ac63-0f9ee38a91ff,aviso,NOUN
d88e149a-1208-46ff-ac63-0f9ee38a91ff,Transportador,PROPN
4947fb43-0874-4187-8660-865f7dfbbf0b,Agente,PROPN
10de0263-15ec-4eaa-b393-dfc1647e07f2,partes,NOUN
f00bba5c-e69a-4441-acc4-b6d1bfeaa95a,Transportador,PROPN
51499e65-0291-4bb4-9ea9-0285ae99fafe,registros,NOUN
96e5229a-bb51-469f-b4af-0927fa4c475d,Transportador,PROPN
96e5229a-bb51-469f-b4af-0927fa4c475d,que,PRON
2ccab324-2d7c-4760-952d-572104c40674,Control,PROPN
2ccab324-2d7c-4760-952d-572104c40674,Transportadores,PROPN
b0e3cbff-578c-4065-9108-16c761cba58b,Transportador,PROPN
b0e3cbff-578c-4065-9108-16c761cba58b,que,PRON
b0e3cbff-578c-4065-9108-16c761cba58b,que,PRON
b5dcd467-3bfd-469f-a1d0-f31e1216b653,Transportador,PROPN
68cfbd46-7edc-465b-a934-fb0eb12c5b2e,OBLIGACIONES,NOUN
248b3094-0d44-4fb5-af9a-27250e96d544,metodología,NOUN
af0efb55-f097-46e0-8020-0b98c6617057,medidores,NOUN
83fc0755-d3fd-44ee-be0e-d175810ddfe3,falta,NOUN
8648adcf-d316-4b22-839d-058af66d0207,que,PRON
8648adcf-d316-4b22-839d-058af66d0207,Transportador,PROPN
8648adcf-d316-4b22-839d-058af66d0207,Artículo,PROPN
8648adcf-d316-4b22-839d-058af66d0207,práctica,NOUN
c14896eb-3064-4924-9403-b4e33ec26871,Obligaciones,PROPN
9cda5d07-bf84-4e1b-afbc-7334f4c9c8b8,medidores,NOUN
9cda5d07-bf84-4e1b-afbc-7334f4c9c8b8,metodología,NOUN
f4238b2b-ae89-4dba-8b70-1a8620009e17,espacio,NOUN
5640502a-4172-4ffa-9a1a-838fee0cac2a,reparación,NOUN
ee726543-2835-45d7-9e03-9a3bbec905e0,medidores,NOUN
5fa54d12-4a6c-4a3f-8499-0d44326168e4,facturación,NOUN
1ef0bc43-57db-448b-8f2d-7496af44066f,Transportador,PROPN
43b361a2-e507-4dd4-8f13-0c3e8de42b3d,facturas,NOUN
b050ed8c-17e7-4297-93aa-61f561e37da3,servicio,NOUN
ecf72622-84c1-462b-aa28-06ae4efea291,Remitente,PROPN
ecf72622-84c1-462b-aa28-06ae4efea291,pago,NOUN
f5b6f342-5955-40de-9e51-40bc7d75afa6,que,PRON
f5b6f342-5955-40de-9e51-40bc7d75afa6,valor,NOUN
f5b6f342-5955-40de-9e51-40bc7d75afa6,CPC,PROPN
eee1a19d-a01b-4e4f-8349-7fb8cfc71a3e,cargos,NOUN
d02e4c9c-5046-4390-a79b-145da468b5a3,ESTÁNDARES,PROPN
d02e4c9c-5046-4390-a79b-145da468b5a3,que,PRON
e75b4c10-920a-4fb1-84c3-97279b5e245d,CUMPLIMIENTO,PROPN
e75b4c10-920a-4fb1-84c3-97279b5e245d,Sistema,PROPN
e75b4c10-920a-4fb1-84c3-97279b5e245d,cual,PRON
9b4c94c6-6884-4837-b733-5368111209ee,normas,NOUN
9fea9a82-6f79-451d-a337-f2a1555d1d99,Reglamento,PROPN
2497394c-c9ab-4b2b-9cdd-5e736f759296,normas,NOUN
2497394c-c9ab-4b2b-9cdd-5e736f759296,aquellos,PRON
2497394c-c9ab-4b2b-9cdd-5e736f759296,que,PRON
2497394c-c9ab-4b2b-9cdd-5e736f759296,que,PRON
5df60e85-0aef-4da3-8a6c-19367e9b24c7,Transportador,PROPN
5df60e85-0aef-4da3-8a6c-19367e9b24c7,que,PRON
5df60e85-0aef-4da3-8a6c-19367e9b24c7,que,PRON
95f1ef0d-9b4c-473b-9dbc-38bf63905cde,RESOLUCIÓN,NOUN
95f1ef0d-9b4c-473b-9dbc-38bf63905cde,que,PRON
5a5c0e73-861b-49fa-95a9-9f420200484b,Gas,PROPN
ade7a0cd-3403-454b-b7a1-a76f84d51c7b,Modificación,PROPN
ade7a0cd-3403-454b-b7a1-a76f84d51c7b,datos,NOUN
dc839ef8-6710-4cd2-9b9b-32bb334f6e2d,Gas,PROPN
d4de2cbf-5017-4f24-ac2a-61f1f33d690b,característica,NOUN
d4de2cbf-5017-4f24-ac2a-61f1f33d690b,cual,PRON
d4de2cbf-5017-4f24-ac2a-61f1f33d690b,gas,NOUN
73b4b89c-b456-475e-86ae-8d23222152f2,tamańo,NOUN
a166d521-65e7-4dbd-a65b-2ecfed91645f,Productorcomercializador,PROPN
8920606e-c17f-4881-8731-4739d6dade42,Agente,PROPN
8920606e-c17f-4881-8731-4739d6dade42,que,PRON
d288be9b-7c85-4c9b-9e66-077a2e8575ac,Gas,PROPN
d288be9b-7c85-4c9b-9e66-077a2e8575ac,Transportador,PROPN
96d0b409-e971-4dfe-a337-c9c9b76e76e6,Verificación,PROPN
437d74af-9368-4e5c-91f0-572d9cda9944,Transportador,PROPN
2c594bc8-fb59-4822-ab28-e6c9e4686af1,Productorcomercializador,PROPN
2c594bc8-fb59-4822-ab28-e6c9e4686af1,que,PRON
2189557b-8c15-4194-b0c0-781cdef70338,Transportador,PROPN
2189557b-8c15-4194-b0c0-781cdef70338,partes,NOUN
f34d797e-33da-436a-82cc-af4c05c53ff5,Cumplimiento,PROPN
f34d797e-33da-436a-82cc-af4c05c53ff5,período,NOUN
51767900-38cb-4078-a943-a8e6982fb5b9,Gas,PROPN
51767900-38cb-4078-a943-a8e6982fb5b9,Transportador,PROPN
51767900-38cb-4078-a943-a8e6982fb5b9,que,PRON
010601b9-1c86-4a34-b7ba-7fc660148174,Dichos,PROPN
010601b9-1c86-4a34-b7ba-7fc660148174,Ley,PROPN
cb22f797-4a68-4f7b-9979-da5fe1b41fbc,Entrega,PROPN
cb22f797-4a68-4f7b-9979-da5fe1b41fbc,Gas,PROPN
cb22f797-4a68-4f7b-9979-da5fe1b41fbc,Remitente,PROPN
cb22f797-4a68-4f7b-9979-da5fe1b41fbc,que,PRON
521ed639-9e08-455d-b197-b171b0826902,Transportador,PROPN
521ed639-9e08-455d-b197-b171b0826902,Remitente,PROPN
521ed639-9e08-455d-b197-b171b0826902,Transportador,PROPN
cbeb15a5-c301-4d2a-bb6a-963069a30bd6,67.1,NUM
cbeb15a5-c301-4d2a-bb6a-963069a30bd6,que,PRON
cbeb15a5-c301-4d2a-bb6a-963069a30bd6,que,PRON
c7eded50-552d-47b6-a08a-67bd19b5f92a,FELIPE,PROPN
c7eded50-552d-47b6-a08a-67bd19b5f92a,RIVEIRA,PROPN
c7eded50-552d-47b6-a08a-67bd19b5f92a,HERRERA,PROPN
c7eded50-552d-47b6-a08a-67bd19b5f92a,J.,PROPN
d2e93df3-c3af-4aff-b41e-6ac13b94225a,Publicada,PROPN
d2e93df3-c3af-4aff-b41e-6ac13b94225a,Reglamento,PROPN
d2e93df3-c3af-4aff-b41e-6ac13b94225a,numeral,NOUN
d2e93df3-c3af-4aff-b41e-6ac13b94225a,numeral,NOUN
d2e93df3-c3af-4aff-b41e-6ac13b94225a,numeral,NOUN
d2e93df3-c3af-4aff-b41e-6ac13b94225a,numerales,NOUN
d2e93df3-c3af-4aff-b41e-6ac13b94225a,Reglamento,PROPN
d2e93df3-c3af-4aff-b41e-6ac13b94225a,especificaciones,NOUN
d2e93df3-c3af-4aff-b41e-6ac13b94225a,numerales,NOUN
d2e93df3-c3af-4aff-b41e-6ac13b94225a,criterios,NOUN
d2e93df3-c3af-4aff-b41e-6ac13b94225a,blecidos,ADJ
d2e93df3-c3af-4aff-b41e-6ac13b94225a,plazos,NOUN
d2e93df3-c3af-4aff-b41e-6ac13b94225a,definiciones,NOUN
d2e93df3-c3af-4aff-b41e-6ac13b94225a,COMISIÓN,NOUN
d2e93df3-c3af-4aff-b41e-6ac13b94225a,Ver,PROPN
d2e93df3-c3af-4aff-b41e-6ac13b94225a,que,PRON
d2e93df3-c3af-4aff-b41e-6ac13b94225a,CREG,PROPN
d2e93df3-c3af-4aff-b41e-6ac13b94225a,construcción,NOUN
d2e93df3-c3af-4aff-b41e-6ac13b94225a,que,PRON
d2e93df3-c3af-4aff-b41e-6ac13b94225a,que,PRON
d2e93df3-c3af-4aff-b41e-6ac13b94225a,Empresas,PROPN
d2e93df3-c3af-4aff-b41e-6ac13b94225a,comisión,NOUN
d2e93df3-c3af-4aff-b41e-6ac13b94225a,seńalamiento,NOUN
d2e93df3-c3af-4aff-b41e-6ac13b94225a,que,SCONJ
d2e93df3-c3af-4aff-b41e-6ac13b94225a,Empresas,PROPN
d2e93df3-c3af-4aff-b41e-6ac13b94225a,que,PRON
d2e93df3-c3af-4aff-b41e-6ac13b94225a,competencia,NOUN
d2e93df3-c3af-4aff-b41e-6ac13b94225a,quienes,PRON
d2e93df3-c3af-4aff-b41e-6ac13b94225a,operaciones,NOUN
d2e93df3-c3af-4aff-b41e-6ac13b94225a,Empresa,PROPN
d2e93df3-c3af-4aff-b41e-6ac13b94225a,Centro,PROPN
d2e93df3-c3af-4aff-b41e-6ac13b94225a,normas,NOUN
d2e93df3-c3af-4aff-b41e-6ac13b94225a,Consejo,PROPN
d2e93df3-c3af-4aff-b41e-6ac13b94225a,Reglamento,PROPN
d2e93df3-c3af-4aff-b41e-6ac13b94225a,prestación,NOUN
d2e93df3-c3af-4aff-b41e-6ac13b94225a,condiciones,NOUN
d2e93df3-c3af-4aff-b41e-6ac13b94225a,86,NUM
d2e93df3-c3af-4aff-b41e-6ac13b94225a,acuerdo,NOUN
d2e93df3-c3af-4aff-b41e-6ac13b94225a,interés,NOUN
d2e93df3-c3af-4aff-b41e-6ac13b94225a,dinámica,NOUN
d2e93df3-c3af-4aff-b41e-6ac13b94225a,regulación,NOUN
d2e93df3-c3af-4aff-b41e-6ac13b94225a,CREG,PROPN
d2e93df3-c3af-4aff-b41e-6ac13b94225a,CREG,PROPN
d2e93df3-c3af-4aff-b41e-6ac13b94225a,resolución,NOUN
d2e93df3-c3af-4aff-b41e-6ac13b94225a,que,PRON
d2e93df3-c3af-4aff-b41e-6ac13b94225a,HERRERA,PROPN
d2e93df3-c3af-4aff-b41e-6ac13b94225a,Conexiones,PROPN
d2e93df3-c3af-4aff-b41e-6ac13b94225a,MEDICION,PROPN
d2e93df3-c3af-4aff-b41e-6ac13b94225a,MEDICION,NOUN
d2e93df3-c3af-4aff-b41e-6ac13b94225a,5.5.1,DET
d2e93df3-c3af-4aff-b41e-6ac13b94225a,ESTÁNDARES,PROPN
d2e93df3-c3af-4aff-b41e-6ac13b94225a,Cumplimiento,PROPN
d2e93df3-c3af-4aff-b41e-6ac13b94225a,principios,NOUN
d2e93df3-c3af-4aff-b41e-6ac13b94225a,definiciones,NOUN
d2e93df3-c3af-4aff-b41e-6ac13b94225a,que,PRON
d2e93df3-c3af-4aff-b41e-6ac13b94225a,Reglamento,PROPN
d2e93df3-c3af-4aff-b41e-6ac13b94225a,relaciones,NOUN
d2e93df3-c3af-4aff-b41e-6ac13b94225a,Productorescomercializador,PROPN
d2e93df3-c3af-4aff-b41e-6ac13b94225a,que,PRON
d2e93df3-c3af-4aff-b41e-6ac13b94225a,cargos,NOUN
d2e93df3-c3af-4aff-b41e-6ac13b94225a,que,PRON
d2e93df3-c3af-4aff-b41e-6ac13b94225a,RUT,PROPN
d2e93df3-c3af-4aff-b41e-6ac13b94225a,que,PRON
d2e93df3-c3af-4aff-b41e-6ac13b94225a,Centro,PROPN
d2e93df3-c3af-4aff-b41e-6ac13b94225a,Remitente,PROPN
d2e93df3-c3af-4aff-b41e-6ac13b94225a,Remitente,PROPN
d2e93df3-c3af-4aff-b41e-6ac13b94225a,Remitente,PROPN
d2e93df3-c3af-4aff-b41e-6ac13b94225a,que,PRON
d2e93df3-c3af-4aff-b41e-6ac13b94225a,Remitente,PROPN
d2e93df3-c3af-4aff-b41e-6ac13b94225a,que,PRON
d2e93df3-c3af-4aff-b41e-6ac13b94225a,Remitente,PROPN
d2e93df3-c3af-4aff-b41e-6ac13b94225a,Transportador,PROPN
d2e93df3-c3af-4aff-b41e-6ac13b94225a,que,SCONJ
d2e93df3-c3af-4aff-b41e-6ac13b94225a,que,PRON
d2e93df3-c3af-4aff-b41e-6ac13b94225a,Remitente,PROPN
d2e93df3-c3af-4aff-b41e-6ac13b94225a,que,PRON
d2e93df3-c3af-4aff-b41e-6ac13b94225a,FIRME,PROPN
d2e93df3-c3af-4aff-b41e-6ac13b94225a,que,PRON
d2e93df3-c3af-4aff-b41e-6ac13b94225a,que,PRON
d2e93df3-c3af-4aff-b41e-6ac13b94225a,CAPACIDAD,PROPN
d2e93df3-c3af-4aff-b41e-6ac13b94225a,Remitente,PROPN
d2e93df3-c3af-4aff-b41e-6ac13b94225a,que,PRON
d2e93df3-c3af-4aff-b41e-6ac13b94225a,Agente,PROPN
d2e93df3-c3af-4aff-b41e-6ac13b94225a,que,PRON
d2e93df3-c3af-4aff-b41e-6ac13b94225a,que,PRON
d2e93df3-c3af-4aff-b41e-6ac13b94225a,que,PRON
d2e93df3-c3af-4aff-b41e-6ac13b94225a,que,PRON
d2e93df3-c3af-4aff-b41e-6ac13b94225a,que,PRON
d2e93df3-c3af-4aff-b41e-6ac13b94225a,Persona,PROPN
d2e93df3-c3af-4aff-b41e-6ac13b94225a,actividad,NOUN
d2e93df3-c3af-4aff-b41e-6ac13b94225a,temperatura,NOUN
d2e93df3-c3af-4aff-b41e-6ac13b94225a,volúmenes,NOUN
d2e93df3-c3af-4aff-b41e-6ac13b94225a,que,PRON
d2e93df3-c3af-4aff-b41e-6ac13b94225a,CONFIRMACIÓN,NOUN
d2e93df3-c3af-4aff-b41e-6ac13b94225a,que,PRON
d2e93df3-c3af-4aff-b41e-6ac13b94225a,que,PRON
d2e93df3-c3af-4aff-b41e-6ac13b94225a,Reglamento,PROPN
d2e93df3-c3af-4aff-b41e-6ac13b94225a,objetivo,NOUN
d2e93df3-c3af-4aff-b41e-6ac13b94225a,relaciones,NOUN
d2e93df3-c3af-4aff-b41e-6ac13b94225a,que,PRON
d2e93df3-c3af-4aff-b41e-6ac13b94225a,CREG,PROPN
d2e93df3-c3af-4aff-b41e-6ac13b94225a,CUENTA,NOUN
d2e93df3-c3af-4aff-b41e-6ac13b94225a,DERECHOS,PROPN
d2e93df3-c3af-4aff-b41e-6ac13b94225a,que,PRON
d2e93df3-c3af-4aff-b41e-6ac13b94225a,DESBALANCE,PROPN
d2e93df3-c3af-4aff-b41e-6ac13b94225a,Esto,PRON
d2e93df3-c3af-4aff-b41e-6ac13b94225a,Remitente,PROPN
d2e93df3-c3af-4aff-b41e-6ac13b94225a,gas,NOUN
d2e93df3-c3af-4aff-b41e-6ac13b94225a,que,PRON
d2e93df3-c3af-4aff-b41e-6ac13b94225a,suministro,NOUN
d2e93df3-c3af-4aff-b41e-6ac13b94225a,que,PRON
d2e93df3-c3af-4aff-b41e-6ac13b94225a,gasoducto,NOUN
d2e93df3-c3af-4aff-b41e-6ac13b94225a,que,PRON
d2e93df3-c3af-4aff-b41e-6ac13b94225a,Gas,PROPN
d2e93df3-c3af-4aff-b41e-6ac13b94225a,que,PRON
d2e93df3-c3af-4aff-b41e-6ac13b94225a,que,PRON
d2e93df3-c3af-4aff-b41e-6ac13b94225a,filtros,NOUN
d2e93df3-c3af-4aff-b41e-6ac13b94225a,que,PRON
d2e93df3-c3af-4aff-b41e-6ac13b94225a,Remitentes,PROPN
d2e93df3-c3af-4aff-b41e-6ac13b94225a,Capacidad,PROPN
d2e93df3-c3af-4aff-b41e-6ac13b94225a,que,PRON
d2e93df3-c3af-4aff-b41e-6ac13b94225a,Remitentes,PROPN
d2e93df3-c3af-4aff-b41e-6ac13b94225a,NOMINACIÓN,NOUN
d2e93df3-c3af-4aff-b41e-6ac13b94225a,que,PRON
d2e93df3-c3af-4aff-b41e-6ac13b94225a,Cantidad,PROPN
d2e93df3-c3af-4aff-b41e-6ac13b94225a,solicitud,NOUN
d2e93df3-c3af-4aff-b41e-6ac13b94225a,NOMINACION,NOUN
d2e93df3-c3af-4aff-b41e-6ac13b94225a,que,PRON
d2e93df3-c3af-4aff-b41e-6ac13b94225a,personas,NOUN
d2e93df3-c3af-4aff-b41e-6ac13b94225a,que,PRON
d2e93df3-c3af-4aff-b41e-6ac13b94225a,que,PRON
d2e93df3-c3af-4aff-b41e-6ac13b94225a,acceso,NOUN
d2e93df3-c3af-4aff-b41e-6ac13b94225a,quien,PRON
d2e93df3-c3af-4aff-b41e-6ac13b94225a,Productor,PROPN
d2e93df3-c3af-4aff-b41e-6ac13b94225a,PUERTA,NOUN
d2e93df3-c3af-4aff-b41e-6ac13b94225a,redes,NOUN
d2e93df3-c3af-4aff-b41e-6ac13b94225a,que,PRON
d2e93df3-c3af-4aff-b41e-6ac13b94225a,Distribuidor,PROPN
d2e93df3-c3af-4aff-b41e-6ac13b94225a,Remitente,PROPN
d2e93df3-c3af-4aff-b41e-6ac13b94225a,Gas,PROPN
d2e93df3-c3af-4aff-b41e-6ac13b94225a,Transportador,PROPN
d2e93df3-c3af-4aff-b41e-6ac13b94225a,Punto,PROPN
d2e93df3-c3af-4aff-b41e-6ac13b94225a,Remitente,PROPN
d2e93df3-c3af-4aff-b41e-6ac13b94225a,Punto,PROPN
d2e93df3-c3af-4aff-b41e-6ac13b94225a,Variaciones,PROPN
d2e93df3-c3af-4aff-b41e-6ac13b94225a,Reglamento,PROPN
d2e93df3-c3af-4aff-b41e-6ac13b94225a,RECONCILIACIÓN,NOUN
d2e93df3-c3af-4aff-b41e-6ac13b94225a,que,PRON
d2e93df3-c3af-4aff-b41e-6ac13b94225a,que,PRON
d2e93df3-c3af-4aff-b41e-6ac13b94225a,Servicio,PROPN
d2e93df3-c3af-4aff-b41e-6ac13b94225a,Transportador,PROPN
d2e93df3-c3af-4aff-b41e-6ac13b94225a,que,PRON
d2e93df3-c3af-4aff-b41e-6ac13b94225a,Remitente,PROPN
d2e93df3-c3af-4aff-b41e-6ac13b94225a,que,PRON
d2e93df3-c3af-4aff-b41e-6ac13b94225a,SISTEMA,PROPN
d2e93df3-c3af-4aff-b41e-6ac13b94225a,que,PRON
d2e93df3-c3af-4aff-b41e-6ac13b94225a,compradores,NOUN
d2e93df3-c3af-4aff-b41e-6ac13b94225a,yo,PRON
d2e93df3-c3af-4aff-b41e-6ac13b94225a,Artículos,NOUN
d2e93df3-c3af-4aff-b41e-6ac13b94225a,personas,NOUN
d2e93df3-c3af-4aff-b41e-6ac13b94225a,que,PRON
d2e93df3-c3af-4aff-b41e-6ac13b94225a,Alcance,PROPN
d2e93df3-c3af-4aff-b41e-6ac13b94225a,Reglamento,PROPN
d2e93df3-c3af-4aff-b41e-6ac13b94225a,que,PRON
d2e93df3-c3af-4aff-b41e-6ac13b94225a,que,PRON
d2e93df3-c3af-4aff-b41e-6ac13b94225a,propietarios,NOUN
d2e93df3-c3af-4aff-b41e-6ac13b94225a,Transportadores,PROPN
d2e93df3-c3af-4aff-b41e-6ac13b94225a,propietarios,NOUN
d2e93df3-c3af-4aff-b41e-6ac13b94225a,que,PRON
d2e93df3-c3af-4aff-b41e-6ac13b94225a,1.3,NUM
d2e93df3-c3af-4aff-b41e-6ac13b94225a,SEGUIMIENTO,PROPN
d2e93df3-c3af-4aff-b41e-6ac13b94225a,Consejo,PROPN
d2e93df3-c3af-4aff-b41e-6ac13b94225a,Comisión,PROPN
d2e93df3-c3af-4aff-b41e-6ac13b94225a,iniciativa,NOUN
d2e93df3-c3af-4aff-b41e-6ac13b94225a,que,PRON
d2e93df3-c3af-4aff-b41e-6ac13b94225a,que,PRON
d2e93df3-c3af-4aff-b41e-6ac13b94225a,Contratos,PROPN
d2e93df3-c3af-4aff-b41e-6ac13b94225a,que,PRON
d2e93df3-c3af-4aff-b41e-6ac13b94225a,que,PRON
d2e93df3-c3af-4aff-b41e-6ac13b94225a,que,PRON
d2e93df3-c3af-4aff-b41e-6ac13b94225a,Comisión,PROPN
d2e93df3-c3af-4aff-b41e-6ac13b94225a,1.4,NUM
d2e93df3-c3af-4aff-b41e-6ac13b94225a,que,PRON
d2e93df3-c3af-4aff-b41e-6ac13b94225a,que,PRON
d2e93df3-c3af-4aff-b41e-6ac13b94225a,que,PRON
d2e93df3-c3af-4aff-b41e-6ac13b94225a,Consejo,PROPN
d2e93df3-c3af-4aff-b41e-6ac13b94225a,AMBITO,NOUN
d2e93df3-c3af-4aff-b41e-6ac13b94225a,que,PRON
d2e93df3-c3af-4aff-b41e-6ac13b94225a,acuerdos,NOUN
d2e93df3-c3af-4aff-b41e-6ac13b94225a,ACCESO,NOUN
d2e93df3-c3af-4aff-b41e-6ac13b94225a,Transportadores,PROPN
d2e93df3-c3af-4aff-b41e-6ac13b94225a,que,PRON
d2e93df3-c3af-4aff-b41e-6ac13b94225a,que,PRON
d2e93df3-c3af-4aff-b41e-6ac13b94225a,acceso,NOUN
d2e93df3-c3af-4aff-b41e-6ac13b94225a,Comisión,PROPN
d2e93df3-c3af-4aff-b41e-6ac13b94225a,Imposición,PROPN
d2e93df3-c3af-4aff-b41e-6ac13b94225a,Transportador,PROPN
d2e93df3-c3af-4aff-b41e-6ac13b94225a,quienes,PRON
d2e93df3-c3af-4aff-b41e-6ac13b94225a,Comisión,PROPN
d2e93df3-c3af-4aff-b41e-6ac13b94225a,Comisión,PROPN
d2e93df3-c3af-4aff-b41e-6ac13b94225a,acceso,NOUN
d2e93df3-c3af-4aff-b41e-6ac13b94225a,Comisión,PROPN
d2e93df3-c3af-4aff-b41e-6ac13b94225a,renuencia,NOUN
d2e93df3-c3af-4aff-b41e-6ac13b94225a,que,PRON
d2e93df3-c3af-4aff-b41e-6ac13b94225a,imposición,NOUN
d2e93df3-c3af-4aff-b41e-6ac13b94225a,que,PRON
d2e93df3-c3af-4aff-b41e-6ac13b94225a,solicitante,NOUN
d2e93df3-c3af-4aff-b41e-6ac13b94225a,éste,PRON
d2e93df3-c3af-4aff-b41e-6ac13b94225a,renuncia,NOUN
d2e93df3-c3af-4aff-b41e-6ac13b94225a,partes,NOUN
d2e93df3-c3af-4aff-b41e-6ac13b94225a,Acceso,NOUN
d2e93df3-c3af-4aff-b41e-6ac13b94225a,que,PRON
d2e93df3-c3af-4aff-b41e-6ac13b94225a,este,PRON
d2e93df3-c3af-4aff-b41e-6ac13b94225a,propietario,NOUN
d2e93df3-c3af-4aff-b41e-6ac13b94225a,propietario,NOUN
d2e93df3-c3af-4aff-b41e-6ac13b94225a,autorización,NOUN
d2e93df3-c3af-4aff-b41e-6ac13b94225a,quien,PRON
d2e93df3-c3af-4aff-b41e-6ac13b94225a,propietario,NOUN
d2e93df3-c3af-4aff-b41e-6ac13b94225a,CREG,PROPN
d2e93df3-c3af-4aff-b41e-6ac13b94225a,que,PRON
d2e93df3-c3af-4aff-b41e-6ac13b94225a,condiciones,NOUN
d2e93df3-c3af-4aff-b41e-6ac13b94225a,PRESTACIÓN,NOUN
d2e93df3-c3af-4aff-b41e-6ac13b94225a,Transportador,PROPN
d2e93df3-c3af-4aff-b41e-6ac13b94225a,conexión,NOUN
d2e93df3-c3af-4aff-b41e-6ac13b94225a,modalidad,NOUN
d2e93df3-c3af-4aff-b41e-6ac13b94225a,Asignación,PROPN
d2e93df3-c3af-4aff-b41e-6ac13b94225a,Capacidad,PROPN
d2e93df3-c3af-4aff-b41e-6ac13b94225a,Transportador,PROPN
d2e93df3-c3af-4aff-b41e-6ac13b94225a,Transportador,PROPN
d2e93df3-c3af-4aff-b41e-6ac13b94225a,que,PRON
d2e93df3-c3af-4aff-b41e-6ac13b94225a,Capacidad,NOUN
d2e93df3-c3af-4aff-b41e-6ac13b94225a,Subasta,PROPN
d2e93df3-c3af-4aff-b41e-6ac13b94225a,términos,NOUN
d2e93df3-c3af-4aff-b41e-6ac13b94225a,Respuesta,PROPN
d2e93df3-c3af-4aff-b41e-6ac13b94225a,Transportador,PROPN
d2e93df3-c3af-4aff-b41e-6ac13b94225a,que,PRON
d2e93df3-c3af-4aff-b41e-6ac13b94225a,respuesta,NOUN
d2e93df3-c3af-4aff-b41e-6ac13b94225a,Capacidad,PROPN
d2e93df3-c3af-4aff-b41e-6ac13b94225a,servicio,NOUN
d2e93df3-c3af-4aff-b41e-6ac13b94225a,Aviso,PROPN
d2e93df3-c3af-4aff-b41e-6ac13b94225a,programa,NOUN
d2e93df3-c3af-4aff-b41e-6ac13b94225a,que,PRON
d2e93df3-c3af-4aff-b41e-6ac13b94225a,cual,PRON
d2e93df3-c3af-4aff-b41e-6ac13b94225a,respuesta,NOUN
d2e93df3-c3af-4aff-b41e-6ac13b94225a,procedimiento,NOUN
d2e93df3-c3af-4aff-b41e-6ac13b94225a,Notificación,PROPN
d2e93df3-c3af-4aff-b41e-6ac13b94225a,Capacidad,PROPN
d2e93df3-c3af-4aff-b41e-6ac13b94225a,Transportador,PROPN
d2e93df3-c3af-4aff-b41e-6ac13b94225a,que,PRON
d2e93df3-c3af-4aff-b41e-6ac13b94225a,cual,PRON
d2e93df3-c3af-4aff-b41e-6ac13b94225a,Remitente,PROPN
d2e93df3-c3af-4aff-b41e-6ac13b94225a,que,PRON
d2e93df3-c3af-4aff-b41e-6ac13b94225a,CPC,PROPN
d2e93df3-c3af-4aff-b41e-6ac13b94225a,Transportador,PROPN
d2e93df3-c3af-4aff-b41e-6ac13b94225a,solicitud,NOUN
d2e93df3-c3af-4aff-b41e-6ac13b94225a,Desvíos,PROPN
d2e93df3-c3af-4aff-b41e-6ac13b94225a,desvíos,NOUN
d2e93df3-c3af-4aff-b41e-6ac13b94225a,Remitente,PROPN
d2e93df3-c3af-4aff-b41e-6ac13b94225a,cambios,NOUN
d2e93df3-c3af-4aff-b41e-6ac13b94225a,quienes,PRON
d2e93df3-c3af-4aff-b41e-6ac13b94225a,trayectoria,NOUN
d2e93df3-c3af-4aff-b41e-6ac13b94225a,Transportador,PROPN
d2e93df3-c3af-4aff-b41e-6ac13b94225a,Contratos,PROPN
d2e93df3-c3af-4aff-b41e-6ac13b94225a,Transportadores,PROPN
d2e93df3-c3af-4aff-b41e-6ac13b94225a,Transportador,PROPN
d2e93df3-c3af-4aff-b41e-6ac13b94225a,Contrato,PROPN
d2e93df3-c3af-4aff-b41e-6ac13b94225a,factura,NOUN
d2e93df3-c3af-4aff-b41e-6ac13b94225a,Transportadores,PROPN
d2e93df3-c3af-4aff-b41e-6ac13b94225a,operación,NOUN
d2e93df3-c3af-4aff-b41e-6ac13b94225a,Remitente,PROPN
d2e93df3-c3af-4aff-b41e-6ac13b94225a,Transportador,PROPN
d2e93df3-c3af-4aff-b41e-6ac13b94225a,servicios,NOUN
d2e93df3-c3af-4aff-b41e-6ac13b94225a,estos,PRON
d2e93df3-c3af-4aff-b41e-6ac13b94225a,CREG,PROPN
d2e93df3-c3af-4aff-b41e-6ac13b94225a,Contratos,PROPN
d2e93df3-c3af-4aff-b41e-6ac13b94225a,cláusula,NOUN
d2e93df3-c3af-4aff-b41e-6ac13b94225a,partes,NOUN
d2e93df3-c3af-4aff-b41e-6ac13b94225a,SERVICIO,PROPN
d2e93df3-c3af-4aff-b41e-6ac13b94225a,Servicio,PROPN
d2e93df3-c3af-4aff-b41e-6ac13b94225a,que,PRON
d2e93df3-c3af-4aff-b41e-6ac13b94225a,esto,PRON
d2e93df3-c3af-4aff-b41e-6ac13b94225a,Transportador,PROPN
d2e93df3-c3af-4aff-b41e-6ac13b94225a,Transportador,PROPN
d2e93df3-c3af-4aff-b41e-6ac13b94225a,gas,NOUN
d2e93df3-c3af-4aff-b41e-6ac13b94225a,quien,PRON
d2e93df3-c3af-4aff-b41e-6ac13b94225a,yo,PRON
d2e93df3-c3af-4aff-b41e-6ac13b94225a,Remitente,PROPN
d2e93df3-c3af-4aff-b41e-6ac13b94225a,BOLETÍN,PROPN
d2e93df3-c3af-4aff-b41e-6ac13b94225a,Transportadores,PROPN
d2e93df3-c3af-4aff-b41e-6ac13b94225a,Cuentas,PROPN
d2e93df3-c3af-4aff-b41e-6ac13b94225a,BEO,PROPN
d2e93df3-c3af-4aff-b41e-6ac13b94225a,Consejo,PROPN
d2e93df3-c3af-4aff-b41e-6ac13b94225a,Consejo,PROPN
d2e93df3-c3af-4aff-b41e-6ac13b94225a,Transportadores,PROPN
d2e93df3-c3af-4aff-b41e-6ac13b94225a,Consejo,PROPN
d2e93df3-c3af-4aff-b41e-6ac13b94225a,Ciclos,PROPN
d2e93df3-c3af-4aff-b41e-6ac13b94225a,MERCADO,NOUN
d2e93df3-c3af-4aff-b41e-6ac13b94225a,que,PRON
d2e93df3-c3af-4aff-b41e-6ac13b94225a,operaciones,NOUN
d2e93df3-c3af-4aff-b41e-6ac13b94225a,que,PRON
d2e93df3-c3af-4aff-b41e-6ac13b94225a,2.5.1,PROPN
d2e93df3-c3af-4aff-b41e-6ac13b94225a,Remitentes,PROPN
d2e93df3-c3af-4aff-b41e-6ac13b94225a,que,PRON
d2e93df3-c3af-4aff-b41e-6ac13b94225a,Remitente,PROPN
d2e93df3-c3af-4aff-b41e-6ac13b94225a,CPC,PROPN
d2e93df3-c3af-4aff-b41e-6ac13b94225a,que,PRON
d2e93df3-c3af-4aff-b41e-6ac13b94225a,oferta,NOUN
d2e93df3-c3af-4aff-b41e-6ac13b94225a,Transportador,PROPN
d2e93df3-c3af-4aff-b41e-6ac13b94225a,CPC,PROPN
d2e93df3-c3af-4aff-b41e-6ac13b94225a,Remitente,PROPN
d2e93df3-c3af-4aff-b41e-6ac13b94225a,Punto,PROPN
d2e93df3-c3af-4aff-b41e-6ac13b94225a,desvíos,NOUN
d2e93df3-c3af-4aff-b41e-6ac13b94225a,CPC,PROPN
d2e93df3-c3af-4aff-b41e-6ac13b94225a,cual,PRON
d2e93df3-c3af-4aff-b41e-6ac13b94225a,condiciones,NOUN
d2e93df3-c3af-4aff-b41e-6ac13b94225a,Remitente,PROPN
d2e93df3-c3af-4aff-b41e-6ac13b94225a,CPC,PROPN
d2e93df3-c3af-4aff-b41e-6ac13b94225a,que,PRON
d2e93df3-c3af-4aff-b41e-6ac13b94225a,cesión,NOUN
d2e93df3-c3af-4aff-b41e-6ac13b94225a,operación,NOUN
d2e93df3-c3af-4aff-b41e-6ac13b94225a,Remitente,PROPN
d2e93df3-c3af-4aff-b41e-6ac13b94225a,Liberación,PROPN
d2e93df3-c3af-4aff-b41e-6ac13b94225a,Agentes,NOUN
d2e93df3-c3af-4aff-b41e-6ac13b94225a,que,PRON
d2e93df3-c3af-4aff-b41e-6ac13b94225a,Agente,PROPN
d2e93df3-c3af-4aff-b41e-6ac13b94225a,que,PRON
d2e93df3-c3af-4aff-b41e-6ac13b94225a,CPC,PROPN
d2e93df3-c3af-4aff-b41e-6ac13b94225a,que,PRON
d2e93df3-c3af-4aff-b41e-6ac13b94225a,oferta,NOUN
d2e93df3-c3af-4aff-b41e-6ac13b94225a,Productorescomercializadores,PROPN
d2e93df3-c3af-4aff-b41e-6ac13b94225a,precios,NOUN
d2e93df3-c3af-4aff-b41e-6ac13b94225a,Agente,PROPN
d2e93df3-c3af-4aff-b41e-6ac13b94225a,que,PRON
d2e93df3-c3af-4aff-b41e-6ac13b94225a,precios,NOUN
d2e93df3-c3af-4aff-b41e-6ac13b94225a,CPC,PROPN
d2e93df3-c3af-4aff-b41e-6ac13b94225a,que,PRON
d2e93df3-c3af-4aff-b41e-6ac13b94225a,Agente,PROPN
d2e93df3-c3af-4aff-b41e-6ac13b94225a,Punto,NOUN
d2e93df3-c3af-4aff-b41e-6ac13b94225a,cesión,NOUN
d2e93df3-c3af-4aff-b41e-6ac13b94225a,operación,NOUN
d2e93df3-c3af-4aff-b41e-6ac13b94225a,Agente,PROPN
d2e93df3-c3af-4aff-b41e-6ac13b94225a,Conexiones,PROPN
d2e93df3-c3af-4aff-b41e-6ac13b94225a,Transportador,PROPN
d2e93df3-c3af-4aff-b41e-6ac13b94225a,éste,PRON
d2e93df3-c3af-4aff-b41e-6ac13b94225a,Cargo,PROPN
d2e93df3-c3af-4aff-b41e-6ac13b94225a,que,PRON
d2e93df3-c3af-4aff-b41e-6ac13b94225a,que,PRON
d2e93df3-c3af-4aff-b41e-6ac13b94225a,propietario,NOUN
d2e93df3-c3af-4aff-b41e-6ac13b94225a,perjuicios,NOUN
d2e93df3-c3af-4aff-b41e-6ac13b94225a,Transportador,PROPN
d2e93df3-c3af-4aff-b41e-6ac13b94225a,Transportador,PROPN
d2e93df3-c3af-4aff-b41e-6ac13b94225a,este,PRON
d2e93df3-c3af-4aff-b41e-6ac13b94225a,que,PRON
d2e93df3-c3af-4aff-b41e-6ac13b94225a,que,PRON
d2e93df3-c3af-4aff-b41e-6ac13b94225a,Transportador,PROPN
d2e93df3-c3af-4aff-b41e-6ac13b94225a,construcción,NOUN
d2e93df3-c3af-4aff-b41e-6ac13b94225a,Transportador,PROPN
d2e93df3-c3af-4aff-b41e-6ac13b94225a,perjuicios,NOUN
d2e93df3-c3af-4aff-b41e-6ac13b94225a,SOLICITUD,NOUN
d2e93df3-c3af-4aff-b41e-6ac13b94225a,Transportadores,PROPN
d2e93df3-c3af-4aff-b41e-6ac13b94225a,Agente,PROPN
d2e93df3-c3af-4aff-b41e-6ac13b94225a,Transportador,PROPN
d2e93df3-c3af-4aff-b41e-6ac13b94225a,solicitud,NOUN
d2e93df3-c3af-4aff-b41e-6ac13b94225a,que,PRON
d2e93df3-c3af-4aff-b41e-6ac13b94225a,Transportador,PROPN
d2e93df3-c3af-4aff-b41e-6ac13b94225a,estos,PRON
d2e93df3-c3af-4aff-b41e-6ac13b94225a,Transportador,PROPN
d2e93df3-c3af-4aff-b41e-6ac13b94225a,cual,PRON
d2e93df3-c3af-4aff-b41e-6ac13b94225a,Dicha,PROPN
d2e93df3-c3af-4aff-b41e-6ac13b94225a,metodología,NOUN
d2e93df3-c3af-4aff-b41e-6ac13b94225a,oferta,NOUN
d2e93df3-c3af-4aff-b41e-6ac13b94225a,que,PRON
d2e93df3-c3af-4aff-b41e-6ac13b94225a,propuesta,NOUN
d2e93df3-c3af-4aff-b41e-6ac13b94225a,obras,NOUN
d2e93df3-c3af-4aff-b41e-6ac13b94225a,Transportador,PROPN
d2e93df3-c3af-4aff-b41e-6ac13b94225a,respuesta,NOUN
d2e93df3-c3af-4aff-b41e-6ac13b94225a,respuesta,NOUN
d2e93df3-c3af-4aff-b41e-6ac13b94225a,naturaleza,NOUN
d2e93df3-c3af-4aff-b41e-6ac13b94225a,que,PRON
d2e93df3-c3af-4aff-b41e-6ac13b94225a,Remitente,PROPN
d2e93df3-c3af-4aff-b41e-6ac13b94225a,que,PRON
d2e93df3-c3af-4aff-b41e-6ac13b94225a,cuales,PRON
d2e93df3-c3af-4aff-b41e-6ac13b94225a,quién,PRON
d2e93df3-c3af-4aff-b41e-6ac13b94225a,perjuicios,NOUN
d2e93df3-c3af-4aff-b41e-6ac13b94225a,que,PRON
d2e93df3-c3af-4aff-b41e-6ac13b94225a,dańos,NOUN
d2e93df3-c3af-4aff-b41e-6ac13b94225a,estos,PRON
d2e93df3-c3af-4aff-b41e-6ac13b94225a,Transportador,PROPN
d2e93df3-c3af-4aff-b41e-6ac13b94225a,conexiones,NOUN
d2e93df3-c3af-4aff-b41e-6ac13b94225a,que,PRON
d2e93df3-c3af-4aff-b41e-6ac13b94225a,que,PRON
d2e93df3-c3af-4aff-b41e-6ac13b94225a,Transportador,PROPN
d2e93df3-c3af-4aff-b41e-6ac13b94225a,costo,NOUN
d2e93df3-c3af-4aff-b41e-6ac13b94225a,Transportador,PROPN
d2e93df3-c3af-4aff-b41e-6ac13b94225a,Transportador,PROPN
d2e93df3-c3af-4aff-b41e-6ac13b94225a,instalación,NOUN
d2e93df3-c3af-4aff-b41e-6ac13b94225a,Transportador,PROPN
d2e93df3-c3af-4aff-b41e-6ac13b94225a,Transportador,PROPN
d2e93df3-c3af-4aff-b41e-6ac13b94225a,que,PRON
d2e93df3-c3af-4aff-b41e-6ac13b94225a,costo,NOUN
d2e93df3-c3af-4aff-b41e-6ac13b94225a,que,PRON
d2e93df3-c3af-4aff-b41e-6ac13b94225a,Transportador,PROPN
d2e93df3-c3af-4aff-b41e-6ac13b94225a,fecha,NOUN
d2e93df3-c3af-4aff-b41e-6ac13b94225a,CONEXIONES,NOUN
d2e93df3-c3af-4aff-b41e-6ac13b94225a,régimen,NOUN
d2e93df3-c3af-4aff-b41e-6ac13b94225a,costos,NOUN
d2e93df3-c3af-4aff-b41e-6ac13b94225a,Transportador,PROPN
d2e93df3-c3af-4aff-b41e-6ac13b94225a,que,PRON
d2e93df3-c3af-4aff-b41e-6ac13b94225a,CONEXIONES,NOUN
d2e93df3-c3af-4aff-b41e-6ac13b94225a,costos,NOUN
d2e93df3-c3af-4aff-b41e-6ac13b94225a,que,PRON
d2e93df3-c3af-4aff-b41e-6ac13b94225a,Punto,PROPN
d2e93df3-c3af-4aff-b41e-6ac13b94225a,costo,NOUN
d2e93df3-c3af-4aff-b41e-6ac13b94225a,condiciones,NOUN
d2e93df3-c3af-4aff-b41e-6ac13b94225a,Transportadores,PROPN
d2e93df3-c3af-4aff-b41e-6ac13b94225a,que,PRON
d2e93df3-c3af-4aff-b41e-6ac13b94225a,Transportadores,PROPN
d2e93df3-c3af-4aff-b41e-6ac13b94225a,que,PRON
d2e93df3-c3af-4aff-b41e-6ac13b94225a,que,PRON
d2e93df3-c3af-4aff-b41e-6ac13b94225a,SSPD,PROPN
d2e93df3-c3af-4aff-b41e-6ac13b94225a,Transportador,PROPN
d2e93df3-c3af-4aff-b41e-6ac13b94225a,contratación,NOUN
d2e93df3-c3af-4aff-b41e-6ac13b94225a,Remitente,PROPN
d2e93df3-c3af-4aff-b41e-6ac13b94225a,4.2,NUM
d2e93df3-c3af-4aff-b41e-6ac13b94225a,planeación,NOUN
d2e93df3-c3af-4aff-b41e-6ac13b94225a,Centros,PROPN
d2e93df3-c3af-4aff-b41e-6ac13b94225a,Remitente,PROPN
d2e93df3-c3af-4aff-b41e-6ac13b94225a,Transportadores,PROPN
d2e93df3-c3af-4aff-b41e-6ac13b94225a,Transportador,PROPN
d2e93df3-c3af-4aff-b41e-6ac13b94225a,costos,NOUN
d2e93df3-c3af-4aff-b41e-6ac13b94225a,que,PRON
d2e93df3-c3af-4aff-b41e-6ac13b94225a,activos,NOUN
d2e93df3-c3af-4aff-b41e-6ac13b94225a,OPERACIONALES,PROPN
d2e93df3-c3af-4aff-b41e-6ac13b94225a,Transportadores,PROPN
d2e93df3-c3af-4aff-b41e-6ac13b94225a,que,PRON
d2e93df3-c3af-4aff-b41e-6ac13b94225a,Acuerdos,PROPN
d2e93df3-c3af-4aff-b41e-6ac13b94225a,Consejo,PROPN
d2e93df3-c3af-4aff-b41e-6ac13b94225a,Dicho,PROPN
d2e93df3-c3af-4aff-b41e-6ac13b94225a,Transportadores,PROPN
d2e93df3-c3af-4aff-b41e-6ac13b94225a,Manual,PROPN
d2e93df3-c3af-4aff-b41e-6ac13b94225a,REGISTRO,NOUN
d2e93df3-c3af-4aff-b41e-6ac13b94225a,Transportador,PROPN
d2e93df3-c3af-4aff-b41e-6ac13b94225a,que,PRON
d2e93df3-c3af-4aff-b41e-6ac13b94225a,Demanda,PROPN
d2e93df3-c3af-4aff-b41e-6ac13b94225a,Estadísticas,PROPN
d2e93df3-c3af-4aff-b41e-6ac13b94225a,Transportadores,PROPN
d2e93df3-c3af-4aff-b41e-6ac13b94225a,que,PRON
d2e93df3-c3af-4aff-b41e-6ac13b94225a,reportes,NOUN
d2e93df3-c3af-4aff-b41e-6ac13b94225a,base,NOUN
d2e93df3-c3af-4aff-b41e-6ac13b94225a,autoridades,NOUN
d2e93df3-c3af-4aff-b41e-6ac13b94225a,Clasificación,PROPN
d2e93df3-c3af-4aff-b41e-6ac13b94225a,que,PRON
d2e93df3-c3af-4aff-b41e-6ac13b94225a,Transportadores,PROPN
d2e93df3-c3af-4aff-b41e-6ac13b94225a,estas,PRON
d2e93df3-c3af-4aff-b41e-6ac13b94225a,Indicadores,PROPN
d2e93df3-c3af-4aff-b41e-6ac13b94225a,CREG,PROPN
d2e93df3-c3af-4aff-b41e-6ac13b94225a,que,PRON
d2e93df3-c3af-4aff-b41e-6ac13b94225a,transportador,NOUN
d2e93df3-c3af-4aff-b41e-6ac13b94225a,NOMINACIONES,NOUN
d2e93df3-c3af-4aff-b41e-6ac13b94225a,Remitentes,PROPN
d2e93df3-c3af-4aff-b41e-6ac13b94225a,Remitente,PROPN
d2e93df3-c3af-4aff-b41e-6ac13b94225a,empresas,NOUN
d2e93df3-c3af-4aff-b41e-6ac13b94225a,nominaciones,NOUN
d2e93df3-c3af-4aff-b41e-6ac13b94225a,Remitentes,PROPN
d2e93df3-c3af-4aff-b41e-6ac13b94225a,que,PRON
d2e93df3-c3af-4aff-b41e-6ac13b94225a,Punto,PROPN
d2e93df3-c3af-4aff-b41e-6ac13b94225a,4.5.1,NUM
d2e93df3-c3af-4aff-b41e-6ac13b94225a,nominaciones,NOUN
d2e93df3-c3af-4aff-b41e-6ac13b94225a,límite,NOUN
d2e93df3-c3af-4aff-b41e-6ac13b94225a,CPC,PROPN
d2e93df3-c3af-4aff-b41e-6ac13b94225a,CPC,PROPN
d2e93df3-c3af-4aff-b41e-6ac13b94225a,Parágrafo,NOUN
d2e93df3-c3af-4aff-b41e-6ac13b94225a,Ciclo,PROPN
d2e93df3-c3af-4aff-b41e-6ac13b94225a,hora,NOUN
d2e93df3-c3af-4aff-b41e-6ac13b94225a,Despacho,PROPN
d2e93df3-c3af-4aff-b41e-6ac13b94225a,Concordacia,PROPN
d2e93df3-c3af-4aff-b41e-6ac13b94225a,que,PRON
d2e93df3-c3af-4aff-b41e-6ac13b94225a,CPC,PROPN
d2e93df3-c3af-4aff-b41e-6ac13b94225a,Cantidad,PROPN
d2e93df3-c3af-4aff-b41e-6ac13b94225a,Usuarios,PROPN
d2e93df3-c3af-4aff-b41e-6ac13b94225a,4.5.1.2,VERB
d2e93df3-c3af-4aff-b41e-6ac13b94225a,Confirmaciones,PROPN
d2e93df3-c3af-4aff-b41e-6ac13b94225a,Programa,PROPN
d2e93df3-c3af-4aff-b41e-6ac13b94225a,Remitente,PROPN
d2e93df3-c3af-4aff-b41e-6ac13b94225a,que,PRON
d2e93df3-c3af-4aff-b41e-6ac13b94225a,Remitente,PROPN
d2e93df3-c3af-4aff-b41e-6ac13b94225a,CPC,PROPN
d2e93df3-c3af-4aff-b41e-6ac13b94225a,Remitente,PROPN
d2e93df3-c3af-4aff-b41e-6ac13b94225a,confirmación,NOUN
d2e93df3-c3af-4aff-b41e-6ac13b94225a,CPC,PROPN
d2e93df3-c3af-4aff-b41e-6ac13b94225a,Cantidad,PROPN
d2e93df3-c3af-4aff-b41e-6ac13b94225a,CPC,PROPN
d2e93df3-c3af-4aff-b41e-6ac13b94225a,Cantidad,PROPN
d2e93df3-c3af-4aff-b41e-6ac13b94225a,Renominaciones,PROPN
d2e93df3-c3af-4aff-b41e-6ac13b94225a,Remitente,PROPN
d2e93df3-c3af-4aff-b41e-6ac13b94225a,CPC,PROPN
d2e93df3-c3af-4aff-b41e-6ac13b94225a,solicitudes,NOUN
d2e93df3-c3af-4aff-b41e-6ac13b94225a,modificación,NOUN
d2e93df3-c3af-4aff-b41e-6ac13b94225a,CPC,PROPN
d2e93df3-c3af-4aff-b41e-6ac13b94225a,limitaciones,NOUN
d2e93df3-c3af-4aff-b41e-6ac13b94225a,renominaciones,NOUN
d2e93df3-c3af-4aff-b41e-6ac13b94225a,Transportador,PROPN
d2e93df3-c3af-4aff-b41e-6ac13b94225a,CNO,PROPN
d2e93df3-c3af-4aff-b41e-6ac13b94225a,Formato,PROPN
d2e93df3-c3af-4aff-b41e-6ac13b94225a,formato,NOUN
d2e93df3-c3af-4aff-b41e-6ac13b94225a,Nominación,PROPN
d2e93df3-c3af-4aff-b41e-6ac13b94225a,Ciclo,PROPN
d2e93df3-c3af-4aff-b41e-6ac13b94225a,Nominaciones,PROPN
d2e93df3-c3af-4aff-b41e-6ac13b94225a,Hora,PROPN
d2e93df3-c3af-4aff-b41e-6ac13b94225a,ProductorComercializador,PROPN
d2e93df3-c3af-4aff-b41e-6ac13b94225a,Remitentes,PROPN
d2e93df3-c3af-4aff-b41e-6ac13b94225a,ProductoresComercializadores,NOUN
d2e93df3-c3af-4aff-b41e-6ac13b94225a,Ciclo,PROPN
d2e93df3-c3af-4aff-b41e-6ac13b94225a,Despacho,PROPN
d2e93df3-c3af-4aff-b41e-6ac13b94225a,Verificación,NOUN
d2e93df3-c3af-4aff-b41e-6ac13b94225a,que,PRON
d2e93df3-c3af-4aff-b41e-6ac13b94225a,partes,NOUN
d2e93df3-c3af-4aff-b41e-6ac13b94225a,Cantidad,PROPN
d2e93df3-c3af-4aff-b41e-6ac13b94225a,Usuarios,PROPN
d2e93df3-c3af-4aff-b41e-6ac13b94225a,Agente,PROPN
d2e93df3-c3af-4aff-b41e-6ac13b94225a,Renominaciones,NOUN
d2e93df3-c3af-4aff-b41e-6ac13b94225a,Remitente,PROPN
d2e93df3-c3af-4aff-b41e-6ac13b94225a,solicitudes,NOUN
d2e93df3-c3af-4aff-b41e-6ac13b94225a,modificación,NOUN
d2e93df3-c3af-4aff-b41e-6ac13b94225a,Productorcomercializador,PROPN
d2e93df3-c3af-4aff-b41e-6ac13b94225a,limitaciones,NOUN
d2e93df3-c3af-4aff-b41e-6ac13b94225a,Renominaciones,PROPN
d2e93df3-c3af-4aff-b41e-6ac13b94225a,OPERACIÓN,NOUN
d2e93df3-c3af-4aff-b41e-6ac13b94225a,Obligación,PROPN
d2e93df3-c3af-4aff-b41e-6ac13b94225a,presiones,NOUN
d2e93df3-c3af-4aff-b41e-6ac13b94225a,Transportador,PROPN
d2e93df3-c3af-4aff-b41e-6ac13b94225a,presiones,NOUN
d2e93df3-c3af-4aff-b41e-6ac13b94225a,Transportador,PROPN
d2e93df3-c3af-4aff-b41e-6ac13b94225a,Capacidad,PROPN
d2e93df3-c3af-4aff-b41e-6ac13b94225a,Sistema,PROPN
d2e93df3-c3af-4aff-b41e-6ac13b94225a,Transportador,PROPN
d2e93df3-c3af-4aff-b41e-6ac13b94225a,restricciones,NOUN
d2e93df3-c3af-4aff-b41e-6ac13b94225a,Transportador,PROPN
d2e93df3-c3af-4aff-b41e-6ac13b94225a,Agente,PROPN
d2e93df3-c3af-4aff-b41e-6ac13b94225a,estas,PRON
d2e93df3-c3af-4aff-b41e-6ac13b94225a,Transportador,PROPN
d2e93df3-c3af-4aff-b41e-6ac13b94225a,atención,NOUN
d2e93df3-c3af-4aff-b41e-6ac13b94225a,Transportador,PROPN
d2e93df3-c3af-4aff-b41e-6ac13b94225a,sobrecostos,NOUN
d2e93df3-c3af-4aff-b41e-6ac13b94225a,que,PRON
d2e93df3-c3af-4aff-b41e-6ac13b94225a,éste,PRON
d2e93df3-c3af-4aff-b41e-6ac13b94225a,que,PRON
d2e93df3-c3af-4aff-b41e-6ac13b94225a,que,PRON
d2e93df3-c3af-4aff-b41e-6ac13b94225a,Numeral,PROPN
d2e93df3-c3af-4aff-b41e-6ac13b94225a,modificación,NOUN
d2e93df3-c3af-4aff-b41e-6ac13b94225a,Obligaciones,NOUN
d2e93df3-c3af-4aff-b41e-6ac13b94225a,incumplimiento,NOUN
d2e93df3-c3af-4aff-b41e-6ac13b94225a,obligación,NOUN
d2e93df3-c3af-4aff-b41e-6ac13b94225a,que,PRON
d2e93df3-c3af-4aff-b41e-6ac13b94225a,inestabilidad,NOUN
d2e93df3-c3af-4aff-b41e-6ac13b94225a,Remitente,PROPN
d2e93df3-c3af-4aff-b41e-6ac13b94225a,Remitente,PROPN
d2e93df3-c3af-4aff-b41e-6ac13b94225a,Remitente,PROPN
d2e93df3-c3af-4aff-b41e-6ac13b94225a,Acuerdos,NOUN
d2e93df3-c3af-4aff-b41e-6ac13b94225a,Acuerdo,PROPN
d2e93df3-c3af-4aff-b41e-6ac13b94225a,procedimientos,NOUN
d2e93df3-c3af-4aff-b41e-6ac13b94225a,que,PRON
d2e93df3-c3af-4aff-b41e-6ac13b94225a,que,PRON
d2e93df3-c3af-4aff-b41e-6ac13b94225a,Acuerdos,NOUN
d2e93df3-c3af-4aff-b41e-6ac13b94225a,CPC,PROPN
d2e93df3-c3af-4aff-b41e-6ac13b94225a,Remitente,PROPN
d2e93df3-c3af-4aff-b41e-6ac13b94225a,Transportador,PROPN
d2e93df3-c3af-4aff-b41e-6ac13b94225a,Transportador,PROPN
d2e93df3-c3af-4aff-b41e-6ac13b94225a,Transportador,PROPN
d2e93df3-c3af-4aff-b41e-6ac13b94225a,Consejo,PROPN
d2e93df3-c3af-4aff-b41e-6ac13b94225a,que,PRON
d2e93df3-c3af-4aff-b41e-6ac13b94225a,que,PRON
d2e93df3-c3af-4aff-b41e-6ac13b94225a,4.6.5,NOUN
d2e93df3-c3af-4aff-b41e-6ac13b94225a,que,PRON
d2e93df3-c3af-4aff-b41e-6ac13b94225a,Desbalances,PROPN
d2e93df3-c3af-4aff-b41e-6ac13b94225a,Cuenta,PROPN
d2e93df3-c3af-4aff-b41e-6ac13b94225a,que,PRON
d2e93df3-c3af-4aff-b41e-6ac13b94225a,volúmenes,NOUN
d2e93df3-c3af-4aff-b41e-6ac13b94225a,Transportador,PROPN
d2e93df3-c3af-4aff-b41e-6ac13b94225a,Cuenta,PROPN
d2e93df3-c3af-4aff-b41e-6ac13b94225a,proceso,NOUN
d2e93df3-c3af-4aff-b41e-6ac13b94225a,esto,PRON
d2e93df3-c3af-4aff-b41e-6ac13b94225a,equipos,NOUN
d2e93df3-c3af-4aff-b41e-6ac13b94225a,CPC,PROPN
d2e93df3-c3af-4aff-b41e-6ac13b94225a,mismo,DET
d2e93df3-c3af-4aff-b41e-6ac13b94225a,Remitente,PROPN
d2e93df3-c3af-4aff-b41e-6ac13b94225a,Cantidad,PROPN
d2e93df3-c3af-4aff-b41e-6ac13b94225a,que,PRON
d2e93df3-c3af-4aff-b41e-6ac13b94225a,Cuenta,PROPN
d2e93df3-c3af-4aff-b41e-6ac13b94225a,Remitente,PROPN
d2e93df3-c3af-4aff-b41e-6ac13b94225a,nominaciones,NOUN
d2e93df3-c3af-4aff-b41e-6ac13b94225a,Rango,PROPN
d2e93df3-c3af-4aff-b41e-6ac13b94225a,objetivo,NOUN
d2e93df3-c3af-4aff-b41e-6ac13b94225a,Transportador,PROPN
d2e93df3-c3af-4aff-b41e-6ac13b94225a,Remitentes,PROPN
d2e93df3-c3af-4aff-b41e-6ac13b94225a,que,PRON
d2e93df3-c3af-4aff-b41e-6ac13b94225a,que,PRON
d2e93df3-c3af-4aff-b41e-6ac13b94225a,CPC,PROPN
d2e93df3-c3af-4aff-b41e-6ac13b94225a,Rangos,PROPN
d2e93df3-c3af-4aff-b41e-6ac13b94225a,Dichos,PROPN
d2e93df3-c3af-4aff-b41e-6ac13b94225a,Programa,PROPN
d2e93df3-c3af-4aff-b41e-6ac13b94225a,Transportador,PROPN
d2e93df3-c3af-4aff-b41e-6ac13b94225a,Variaciones,PROPN
d2e93df3-c3af-4aff-b41e-6ac13b94225a,CPC,PROPN
d2e93df3-c3af-4aff-b41e-6ac13b94225a,INCUMPLIMIENTO,PROPN
d2e93df3-c3af-4aff-b41e-6ac13b94225a,incumplimiento,NOUN
d2e93df3-c3af-4aff-b41e-6ac13b94225a,Transportador,PROPN
d2e93df3-c3af-4aff-b41e-6ac13b94225a,Leyes,PROPN
d2e93df3-c3af-4aff-b41e-6ac13b94225a,incumplimiento,NOUN
d2e93df3-c3af-4aff-b41e-6ac13b94225a,que,PRON
d2e93df3-c3af-4aff-b41e-6ac13b94225a,Compensaciones,PROPN
d2e93df3-c3af-4aff-b41e-6ac13b94225a,que,PRON
d2e93df3-c3af-4aff-b41e-6ac13b94225a,7180a3,NUM
d2e93df3-c3af-4aff-b41e-6ac13b94225a,5160a4,PROPN
d2e93df3-c3af-4aff-b41e-6ac13b94225a,3140a6,PROPN
d2e93df3-c3af-4aff-b41e-6ac13b94225a,a15xA,NUM
d2e93df3-c3af-4aff-b41e-6ac13b94225a,parámetros,NOUN
d2e93df3-c3af-4aff-b41e-6ac13b94225a,base,NOUN
d2e93df3-c3af-4aff-b41e-6ac13b94225a,matrices,NOUN
d2e93df3-c3af-4aff-b41e-6ac13b94225a,que,PRON
d2e93df3-c3af-4aff-b41e-6ac13b94225a,CNO,PROPN
d2e93df3-c3af-4aff-b41e-6ac13b94225a,CREG,PROPN
d2e93df3-c3af-4aff-b41e-6ac13b94225a,que,PRON
d2e93df3-c3af-4aff-b41e-6ac13b94225a,vigencia,NOUN
d2e93df3-c3af-4aff-b41e-6ac13b94225a,Consejo,PROPN
d2e93df3-c3af-4aff-b41e-6ac13b94225a,Comisión,PROPN
d2e93df3-c3af-4aff-b41e-6ac13b94225a,compensaciones,NOUN
d2e93df3-c3af-4aff-b41e-6ac13b94225a,compensaciones,NOUN
d2e93df3-c3af-4aff-b41e-6ac13b94225a,que,PRON
d2e93df3-c3af-4aff-b41e-6ac13b94225a,que,PRON
d2e93df3-c3af-4aff-b41e-6ac13b94225a,Agente,PROPN
d2e93df3-c3af-4aff-b41e-6ac13b94225a,que,PRON
d2e93df3-c3af-4aff-b41e-6ac13b94225a,Ley,PROPN
d2e93df3-c3af-4aff-b41e-6ac13b94225a,contratos,NOUN
d2e93df3-c3af-4aff-b41e-6ac13b94225a,Agente,PROPN
d2e93df3-c3af-4aff-b41e-6ac13b94225a,que,PRON
d2e93df3-c3af-4aff-b41e-6ac13b94225a,Artículo,PROPN
d2e93df3-c3af-4aff-b41e-6ac13b94225a,causante,NOUN
d2e93df3-c3af-4aff-b41e-6ac13b94225a,que,PRON
d2e93df3-c3af-4aff-b41e-6ac13b94225a,RESTRICCIONES,NOUN
d2e93df3-c3af-4aff-b41e-6ac13b94225a,CREG,PROPN
d2e93df3-c3af-4aff-b41e-6ac13b94225a,disposiciones,NOUN
d2e93df3-c3af-4aff-b41e-6ac13b94225a,CÁLCULO,PROPN
d2e93df3-c3af-4aff-b41e-6ac13b94225a,Manual,PROPN
d2e93df3-c3af-4aff-b41e-6ac13b94225a,Asignación,PROPN
d2e93df3-c3af-4aff-b41e-6ac13b94225a,pérdidas,NOUN
d2e93df3-c3af-4aff-b41e-6ac13b94225a,que,PRON
d2e93df3-c3af-4aff-b41e-6ac13b94225a,pérdidas,NOUN
d2e93df3-c3af-4aff-b41e-6ac13b94225a,que,PRON
d2e93df3-c3af-4aff-b41e-6ac13b94225a,costo,NOUN
d2e93df3-c3af-4aff-b41e-6ac13b94225a,Transportador,PROPN
d2e93df3-c3af-4aff-b41e-6ac13b94225a,CUSTODIA,PROPN
d2e93df3-c3af-4aff-b41e-6ac13b94225a,Transportador,PROPN
d2e93df3-c3af-4aff-b41e-6ac13b94225a,Remitente,PROPN
d2e93df3-c3af-4aff-b41e-6ac13b94225a,Remitente,PROPN
d2e93df3-c3af-4aff-b41e-6ac13b94225a,responsabilidad,NOUN
d2e93df3-c3af-4aff-b41e-6ac13b94225a,Gas,PROPN
d2e93df3-c3af-4aff-b41e-6ac13b94225a,Transportador,PROPN
d2e93df3-c3af-4aff-b41e-6ac13b94225a,Remitente,PROPN
d2e93df3-c3af-4aff-b41e-6ac13b94225a,que,SCONJ
d2e93df3-c3af-4aff-b41e-6ac13b94225a,que,PRON
d2e93df3-c3af-4aff-b41e-6ac13b94225a,que,PRON
d2e93df3-c3af-4aff-b41e-6ac13b94225a,Transportador,PROPN
d2e93df3-c3af-4aff-b41e-6ac13b94225a,que,SCONJ
d2e93df3-c3af-4aff-b41e-6ac13b94225a,4.11,NOUN
d2e93df3-c3af-4aff-b41e-6ac13b94225a,empresa,NOUN
d2e93df3-c3af-4aff-b41e-6ac13b94225a,que,PRON
d2e93df3-c3af-4aff-b41e-6ac13b94225a,oficina,NOUN
d2e93df3-c3af-4aff-b41e-6ac13b94225a,MEDICION,PROPN
d2e93df3-c3af-4aff-b41e-6ac13b94225a,que,PRON
d2e93df3-c3af-4aff-b41e-6ac13b94225a,contenido,NOUN
d2e93df3-c3af-4aff-b41e-6ac13b94225a,Telemedición,PROPN
d2e93df3-c3af-4aff-b41e-6ac13b94225a,que,PRON
d2e93df3-c3af-4aff-b41e-6ac13b94225a,determinación,NOUN
d2e93df3-c3af-4aff-b41e-6ac13b94225a,Variaciones,PROPN
d2e93df3-c3af-4aff-b41e-6ac13b94225a,mediciones,NOUN
d2e93df3-c3af-4aff-b41e-6ac13b94225a,ajustes,NOUN
d2e93df3-c3af-4aff-b41e-6ac13b94225a,medición,NOUN
d2e93df3-c3af-4aff-b41e-6ac13b94225a,MEDICION,PROPN
d2e93df3-c3af-4aff-b41e-6ac13b94225a,propiedad,NOUN
d2e93df3-c3af-4aff-b41e-6ac13b94225a,responsabilidad,NOUN
d2e93df3-c3af-4aff-b41e-6ac13b94225a,ProductorComercializador,PROPN
d2e93df3-c3af-4aff-b41e-6ac13b94225a,asignación,NOUN
d2e93df3-c3af-4aff-b41e-6ac13b94225a,Determinación,PROPN
d2e93df3-c3af-4aff-b41e-6ac13b94225a,que,PRON
d2e93df3-c3af-4aff-b41e-6ac13b94225a,Transportador,PROPN
d2e93df3-c3af-4aff-b41e-6ac13b94225a,costo,NOUN
d2e93df3-c3af-4aff-b41e-6ac13b94225a,responsabilidad,NOUN
d2e93df3-c3af-4aff-b41e-6ac13b94225a,volumen,NOUN
d2e93df3-c3af-4aff-b41e-6ac13b94225a,Sistema,PROPN
d2e93df3-c3af-4aff-b41e-6ac13b94225a,sistema,NOUN
d2e93df3-c3af-4aff-b41e-6ac13b94225a,que,PRON
d2e93df3-c3af-4aff-b41e-6ac13b94225a,recomendaciones,NOUN
d2e93df3-c3af-4aff-b41e-6ac13b94225a,Elementos,PROPN
d2e93df3-c3af-4aff-b41e-6ac13b94225a,elementos,NOUN
d2e93df3-c3af-4aff-b41e-6ac13b94225a,que,PRON
d2e93df3-c3af-4aff-b41e-6ac13b94225a,propiedad,NOUN
d2e93df3-c3af-4aff-b41e-6ac13b94225a,costos,NOUN
d2e93df3-c3af-4aff-b41e-6ac13b94225a,Agentes,NOUN
d2e93df3-c3af-4aff-b41e-6ac13b94225a,equipos,NOUN
d2e93df3-c3af-4aff-b41e-6ac13b94225a,Transportador,PROPN
d2e93df3-c3af-4aff-b41e-6ac13b94225a,Transportador,PROPN
d2e93df3-c3af-4aff-b41e-6ac13b94225a,5.3.3,PROPN
d2e93df3-c3af-4aff-b41e-6ac13b94225a,instalación,NOUN
d2e93df3-c3af-4aff-b41e-6ac13b94225a,Remitente,PROPN
d2e93df3-c3af-4aff-b41e-6ac13b94225a,Transportador,PROPN
d2e93df3-c3af-4aff-b41e-6ac13b94225a,instalación,NOUN
d2e93df3-c3af-4aff-b41e-6ac13b94225a,Transportador,PROPN
d2e93df3-c3af-4aff-b41e-6ac13b94225a,5.3.4,NOUN
d2e93df3-c3af-4aff-b41e-6ac13b94225a,funcionamiento,NOUN
d2e93df3-c3af-4aff-b41e-6ac13b94225a,Agente,PROPN
d2e93df3-c3af-4aff-b41e-6ac13b94225a,Transportador,PROPN
d2e93df3-c3af-4aff-b41e-6ac13b94225a,Sistema,PROPN
d2e93df3-c3af-4aff-b41e-6ac13b94225a,Agentes,NOUN
d2e93df3-c3af-4aff-b41e-6ac13b94225a,equipo,NOUN
d2e93df3-c3af-4aff-b41e-6ac13b94225a,medidor,NOUN
d2e93df3-c3af-4aff-b41e-6ac13b94225a,costos,NOUN
d2e93df3-c3af-4aff-b41e-6ac13b94225a,que,PRON
d2e93df3-c3af-4aff-b41e-6ac13b94225a,MEDICION,NOUN
d2e93df3-c3af-4aff-b41e-6ac13b94225a,que,PRON
d2e93df3-c3af-4aff-b41e-6ac13b94225a,Sistemas,PROPN
d2e93df3-c3af-4aff-b41e-6ac13b94225a,Sistema,PROPN
d2e93df3-c3af-4aff-b41e-6ac13b94225a,Determinación,PROPN
d2e93df3-c3af-4aff-b41e-6ac13b94225a,Transportador,PROPN
d2e93df3-c3af-4aff-b41e-6ac13b94225a,Determinación,PROPN
d2e93df3-c3af-4aff-b41e-6ac13b94225a,cual,PRON
d2e93df3-c3af-4aff-b41e-6ac13b94225a,supercompresibilidad,NOUN
d2e93df3-c3af-4aff-b41e-6ac13b94225a,gravedad,NOUN
d2e93df3-c3af-4aff-b41e-6ac13b94225a,Gravedad,PROPN
d2e93df3-c3af-4aff-b41e-6ac13b94225a,partes,NOUN
d2e93df3-c3af-4aff-b41e-6ac13b94225a,gases,NOUN
d2e93df3-c3af-4aff-b41e-6ac13b94225a,Transportador,PROPN
d2e93df3-c3af-4aff-b41e-6ac13b94225a,Determinación,PROPN
d2e93df3-c3af-4aff-b41e-6ac13b94225a,equipos,NOUN
d2e93df3-c3af-4aff-b41e-6ac13b94225a,poder,NOUN
d2e93df3-c3af-4aff-b41e-6ac13b94225a,partes,NOUN
d2e93df3-c3af-4aff-b41e-6ac13b94225a,Transportador,PROPN
d2e93df3-c3af-4aff-b41e-6ac13b94225a,información,NOUN
d2e93df3-c3af-4aff-b41e-6ac13b94225a,procedimientos,NOUN
d2e93df3-c3af-4aff-b41e-6ac13b94225a,PRECISION,NOUN
d2e93df3-c3af-4aff-b41e-6ac13b94225a,medición,NOUN
d2e93df3-c3af-4aff-b41e-6ac13b94225a,porcentaje,NOUN
d2e93df3-c3af-4aff-b41e-6ac13b94225a,medición,NOUN
d2e93df3-c3af-4aff-b41e-6ac13b94225a,cualquiera,PRON
d2e93df3-c3af-4aff-b41e-6ac13b94225a,Medición,PROPN
d2e93df3-c3af-4aff-b41e-6ac13b94225a,equipos,NOUN
d2e93df3-c3af-4aff-b41e-6ac13b94225a,error,NOUN
d2e93df3-c3af-4aff-b41e-6ac13b94225a,medidores,NOUN
d2e93df3-c3af-4aff-b41e-6ac13b94225a,parámetro,NOUN
d2e93df3-c3af-4aff-b41e-6ac13b94225a,medidores,NOUN
d2e93df3-c3af-4aff-b41e-6ac13b94225a,parámetro,NOUN
d2e93df3-c3af-4aff-b41e-6ac13b94225a,que,PRON
d2e93df3-c3af-4aff-b41e-6ac13b94225a,registros,NOUN
d2e93df3-c3af-4aff-b41e-6ac13b94225a,inexactitud,NOUN
d2e93df3-c3af-4aff-b41e-6ac13b94225a,previsto,ADJ
d2e93df3-c3af-4aff-b41e-6ac13b94225a,porcentaje,NOUN
d2e93df3-c3af-4aff-b41e-6ac13b94225a,partes,NOUN
d2e93df3-c3af-4aff-b41e-6ac13b94225a,Fraudes,PROPN
d2e93df3-c3af-4aff-b41e-6ac13b94225a,Agente,PROPN
d2e93df3-c3af-4aff-b41e-6ac13b94225a,parte,NOUN
d2e93df3-c3af-4aff-b41e-6ac13b94225a,parte,NOUN
d2e93df3-c3af-4aff-b41e-6ac13b94225a,reincidencia,NOUN
d2e93df3-c3af-4aff-b41e-6ac13b94225a,actuación,NOUN
d2e93df3-c3af-4aff-b41e-6ac13b94225a,Calibración,PROPN
d2e93df3-c3af-4aff-b41e-6ac13b94225a,costos,NOUN
d2e93df3-c3af-4aff-b41e-6ac13b94225a,éste,PRON
d2e93df3-c3af-4aff-b41e-6ac13b94225a,5.5.3.2,NUM
d2e93df3-c3af-4aff-b41e-6ac13b94225a,verificación,NOUN
d2e93df3-c3af-4aff-b41e-6ac13b94225a,Transportador,PROPN
d2e93df3-c3af-4aff-b41e-6ac13b94225a,costo,NOUN
d2e93df3-c3af-4aff-b41e-6ac13b94225a,Normas,PROPN
d2e93df3-c3af-4aff-b41e-6ac13b94225a,partes,NOUN
d2e93df3-c3af-4aff-b41e-6ac13b94225a,costo,NOUN
d2e93df3-c3af-4aff-b41e-6ac13b94225a,quien,PRON
d2e93df3-c3af-4aff-b41e-6ac13b94225a,solicite,NOUN
d2e93df3-c3af-4aff-b41e-6ac13b94225a,descalibración,NOUN
d2e93df3-c3af-4aff-b41e-6ac13b94225a,costos,NOUN
d2e93df3-c3af-4aff-b41e-6ac13b94225a,Transportador,PROPN
d2e93df3-c3af-4aff-b41e-6ac13b94225a,prueba,NOUN
d2e93df3-c3af-4aff-b41e-6ac13b94225a,parte,NOUN
d2e93df3-c3af-4aff-b41e-6ac13b94225a,aviso,NOUN
d2e93df3-c3af-4aff-b41e-6ac13b94225a,Transportador,PROPN
d2e93df3-c3af-4aff-b41e-6ac13b94225a,Agente,PROPN
d2e93df3-c3af-4aff-b41e-6ac13b94225a,partes,NOUN
d2e93df3-c3af-4aff-b41e-6ac13b94225a,Transportador,PROPN
d2e93df3-c3af-4aff-b41e-6ac13b94225a,registros,NOUN
d2e93df3-c3af-4aff-b41e-6ac13b94225a,Transportador,PROPN
d2e93df3-c3af-4aff-b41e-6ac13b94225a,que,PRON
d2e93df3-c3af-4aff-b41e-6ac13b94225a,5.5.6,NUM
d2e93df3-c3af-4aff-b41e-6ac13b94225a,Transportador,PROPN
d2e93df3-c3af-4aff-b41e-6ac13b94225a,que,PRON
d2e93df3-c3af-4aff-b41e-6ac13b94225a,que,PRON
d2e93df3-c3af-4aff-b41e-6ac13b94225a,Transportador,PROPN
d2e93df3-c3af-4aff-b41e-6ac13b94225a,OBLIGACIONES,NOUN
d2e93df3-c3af-4aff-b41e-6ac13b94225a,metodología,NOUN
d2e93df3-c3af-4aff-b41e-6ac13b94225a,medidores,NOUN
d2e93df3-c3af-4aff-b41e-6ac13b94225a,falta,NOUN
d2e93df3-c3af-4aff-b41e-6ac13b94225a,que,PRON
d2e93df3-c3af-4aff-b41e-6ac13b94225a,Transportador,PROPN
d2e93df3-c3af-4aff-b41e-6ac13b94225a,Artículo,PROPN
d2e93df3-c3af-4aff-b41e-6ac13b94225a,práctica,NOUN
d2e93df3-c3af-4aff-b41e-6ac13b94225a,Obligaciones,PROPN
d2e93df3-c3af-4aff-b41e-6ac13b94225a,medidores,NOUN
d2e93df3-c3af-4aff-b41e-6ac13b94225a,metodología,NOUN
d2e93df3-c3af-4aff-b41e-6ac13b94225a,espacio,NOUN
d2e93df3-c3af-4aff-b41e-6ac13b94225a,reparación,NOUN
d2e93df3-c3af-4aff-b41e-6ac13b94225a,medidores,NOUN
d2e93df3-c3af-4aff-b41e-6ac13b94225a,FACTURACIÓN,NOUN
d2e93df3-c3af-4aff-b41e-6ac13b94225a,facturación,NOUN
d2e93df3-c3af-4aff-b41e-6ac13b94225a,Transportador,PROPN
d2e93df3-c3af-4aff-b41e-6ac13b94225a,facturas,NOUN
d2e93df3-c3af-4aff-b41e-6ac13b94225a,servicio,NOUN
d2e93df3-c3af-4aff-b41e-6ac13b94225a,volumen,NOUN
d2e93df3-c3af-4aff-b41e-6ac13b94225a,Remitente,PROPN
d2e93df3-c3af-4aff-b41e-6ac13b94225a,pago,NOUN
d2e93df3-c3af-4aff-b41e-6ac13b94225a,RECONCILIACIONES,NOUN
d2e93df3-c3af-4aff-b41e-6ac13b94225a,que,PRON
d2e93df3-c3af-4aff-b41e-6ac13b94225a,valor,NOUN
d2e93df3-c3af-4aff-b41e-6ac13b94225a,CPC,PROPN
d2e93df3-c3af-4aff-b41e-6ac13b94225a,cargos,NOUN
d2e93df3-c3af-4aff-b41e-6ac13b94225a,ESTÁNDARES,PROPN
d2e93df3-c3af-4aff-b41e-6ac13b94225a,estándares,NOUN
d2e93df3-c3af-4aff-b41e-6ac13b94225a,que,PRON
d2e93df3-c3af-4aff-b41e-6ac13b94225a,CUMPLIMIENTO,PROPN
d2e93df3-c3af-4aff-b41e-6ac13b94225a,Sistema,PROPN
d2e93df3-c3af-4aff-b41e-6ac13b94225a,cual,PRON
d2e93df3-c3af-4aff-b41e-6ac13b94225a,normas,NOUN
d2e93df3-c3af-4aff-b41e-6ac13b94225a,Reglamento,PROPN
d2e93df3-c3af-4aff-b41e-6ac13b94225a,normas,NOUN
d2e93df3-c3af-4aff-b41e-6ac13b94225a,aquellos,PRON
d2e93df3-c3af-4aff-b41e-6ac13b94225a,que,PRON
d2e93df3-c3af-4aff-b41e-6ac13b94225a,que,PRON
d2e93df3-c3af-4aff-b41e-6ac13b94225a,Transportador,PROPN
d2e93df3-c3af-4aff-b41e-6ac13b94225a,que,PRON
d2e93df3-c3af-4aff-b41e-6ac13b94225a,que,PRON
d2e93df3-c3af-4aff-b41e-6ac13b94225a,RESOLUCIÓN,NOUN
d2e93df3-c3af-4aff-b41e-6ac13b94225a,TECNICAS,PROPN
d2e93df3-c3af-4aff-b41e-6ac13b94225a,que,PRON
d2e93df3-c3af-4aff-b41e-6ac13b94225a,Gas,PROPN
d2e93df3-c3af-4aff-b41e-6ac13b94225a,Modificación,NOUN
d2e93df3-c3af-4aff-b41e-6ac13b94225a,datos,NOUN
d2e93df3-c3af-4aff-b41e-6ac13b94225a,Gas,PROPN
d2e93df3-c3af-4aff-b41e-6ac13b94225a,característica,NOUN
d2e93df3-c3af-4aff-b41e-6ac13b94225a,cual,PRON
d2e93df3-c3af-4aff-b41e-6ac13b94225a,gas,NOUN
d2e93df3-c3af-4aff-b41e-6ac13b94225a,tamańo,NOUN
d2e93df3-c3af-4aff-b41e-6ac13b94225a,Productorcomercializador,PROPN
d2e93df3-c3af-4aff-b41e-6ac13b94225a,Agente,PROPN
d2e93df3-c3af-4aff-b41e-6ac13b94225a,que,PRON
d2e93df3-c3af-4aff-b41e-6ac13b94225a,Gas,PROPN
d2e93df3-c3af-4aff-b41e-6ac13b94225a,Transportador,PROPN
d2e93df3-c3af-4aff-b41e-6ac13b94225a,6.3.1,VERB
d2e93df3-c3af-4aff-b41e-6ac13b94225a,Verificación,PROPN
d2e93df3-c3af-4aff-b41e-6ac13b94225a,Transportador,PROPN
d2e93df3-c3af-4aff-b41e-6ac13b94225a,Productorcomercializador,PROPN
d2e93df3-c3af-4aff-b41e-6ac13b94225a,que,PRON
d2e93df3-c3af-4aff-b41e-6ac13b94225a,Transportador,PROPN
d2e93df3-c3af-4aff-b41e-6ac13b94225a,partes,NOUN
d2e93df3-c3af-4aff-b41e-6ac13b94225a,6.3.2,NUM
d2e93df3-c3af-4aff-b41e-6ac13b94225a,Cumplimiento,PROPN
d2e93df3-c3af-4aff-b41e-6ac13b94225a,período,NOUN
d2e93df3-c3af-4aff-b41e-6ac13b94225a,Gas,PROPN
d2e93df3-c3af-4aff-b41e-6ac13b94225a,Transportador,PROPN
d2e93df3-c3af-4aff-b41e-6ac13b94225a,que,PRON
d2e93df3-c3af-4aff-b41e-6ac13b94225a,costos,NOUN
d2e93df3-c3af-4aff-b41e-6ac13b94225a,Ley,PROPN
d2e93df3-c3af-4aff-b41e-6ac13b94225a,Entrega,PROPN
d2e93df3-c3af-4aff-b41e-6ac13b94225a,Gas,PROPN
d2e93df3-c3af-4aff-b41e-6ac13b94225a,Remitente,PROPN
d2e93df3-c3af-4aff-b41e-6ac13b94225a,que,PRON
d2e93df3-c3af-4aff-b41e-6ac13b94225a,Transportador,PROPN
d2e93df3-c3af-4aff-b41e-6ac13b94225a,Remitente,PROPN
d2e93df3-c3af-4aff-b41e-6ac13b94225a,Transportador,PROPN
d2e93df3-c3af-4aff-b41e-6ac13b94225a,67.1,NUM
d2e93df3-c3af-4aff-b41e-6ac13b94225a,que,PRON
d2e93df3-c3af-4aff-b41e-6ac13b94225a,que,PRON
d2e93df3-c3af-4aff-b41e-6ac13b94225a,FELIPE,PROPN
d2e93df3-c3af-4aff-b41e-6ac13b94225a,RIVEIRA,PROPN
d2e93df3-c3af-4aff-b41e-6ac13b94225a,HERRERA,PROPN
d2e93df3-c3af-4aff-b41e-6ac13b94225a,J.,PROPN
